,Unnamed: 0,p_name,p_address,p_rating,p_category,p_tag,p_review,p_url
0,0,태화강,울산 남구 신정동 1468,4.4,강,"['#나들이', '#유채꽃']",./kakao_reviews/울산 명소/태화강.csv,https://place.map.kakao.com/8621794
1,1,달빛은하수,울산 남구 신정로203번길 69,3.0,게스트하우스,"['#독채펜션', '#물놀이', '#바베큐장', '#복층펜션', '#어메니티제공', '#온천호텔', '#조식서비스']",./kakao_reviews/울산 숙소/달빛은하수.csv,https://place.map.kakao.com/1941348111
4,4,울산게스트하우스 앤마이홈,울산 중구 옥골샘6길 9-1,5.0,게스트하우스,태그 없음,./kakao_reviews/울산 숙소/울산게스트하우스 앤마이홈.csv,https://place.map.kakao.com/1514064403
8,8,철구소 계곡,울산 울주군 상북면 이천리 829,4.6,계곡,"['#나들이', '#물놀이']",./kakao_reviews/울산 명소/철구소 계곡.csv,https://place.map.kakao.com/25086316
13,13,재약산 주암계곡,울산 울주군 상북면 이천리 산 143-2,0.0,계곡,태그 없음,./kakao_reviews/울산 명소/재약산 주암계곡.csv,https://place.map.kakao.com/25449972
15,15,작천정계곡,울산 울주군 삼남읍 교동리,4.0,계곡,"['#나들이', '#물놀이', '#벚꽃명소']",./kakao_reviews/울산 명소/작천정계곡.csv,https://place.map.kakao.com/8071217
19,19,풍암골,울산 중구 성안동,0.0,계곡,태그 없음,./kakao_reviews/울산 명소/풍암골.csv,https://place.map.kakao.com/25388842
22,22,배내고개,울산 울주군 상북면 양등리,0.0,고개,"['#아이와놀자', '#어린이테마파크']",./kakao_reviews/울산 명소/배내고개.csv,https://place.map.kakao.com/19157392
23,23,치술령,울산 울주군 두동면 월평리 산 155,0.0,고개,태그 없음,./kakao_reviews/울산 명소/치술령.csv,https://place.map.kakao.com/1864300516
28,28,방어진 공원골프연습장,울산 동구 봉수로 235,2.0,골프연습장,태그 없음,./kakao_reviews/울산 공원/방어진 공원골프연습장.csv,https://place.map.kakao.com/10146500
31,31,문화공원 지하주차장,울산 남구 돋질로 211,0.0,공영주차장,태그 없음,./kakao_reviews/울산 공원/문화공원 지하주차장.csv,https://place.map.kakao.com/2048513066
33,33,화봉제1공원 공영주차장,울산 북구 화봉동 445-1,0.0,공영주차장,태그 없음,./kakao_reviews/울산 공원/화봉제1공원 공영주차장.csv,https://place.map.kakao.com/591079972
43,43,산음수변공원,울산 북구 산하동 826-2,0.0,공원,태그 없음,./kakao_reviews/울산 공원/산음수변공원.csv,https://place.map.kakao.com/1830599789
86,86,길촌길 다복다복생활공원,울산 중구 유곡동 산 28-1,0.0,공원,태그 없음,./kakao_reviews/울산 공원/길촌길 다복다복생활공원.csv,https://place.map.kakao.com/1488712598
104,104,비나리공원,울산 울주군 범서읍 천상6길 24-6,0.0,공원,태그 없음,./kakao_reviews/울산 공원/비나리공원.csv,https://place.map.kakao.com/26171883
106,106,한울 유도 스포츠클럽,울산 북구 매곡1로 13,0.0,공원,태그 없음,./kakao_reviews/울산 공원/한울 유도 스포츠클럽.csv,https://place.map.kakao.com/666942874
119,119,번덕공원,울산 동구 일산동 536-3,0.0,공원,태그 없음,./kakao_reviews/울산 공원/번덕공원.csv,https://place.map.kakao.com/18213201
125,125,홈골수변공원,울산 북구 호계동 산 35-1,5.0,공원,태그 없음,./kakao_reviews/울산 공원/홈골수변공원.csv,https://place.map.kakao.com/333822001
146,146,달천철장유적공원,울산 북구 달천동 1-7,0.0,공원,태그 없음,./kakao_reviews/울산 공원/달천철장유적공원.csv,https://place.map.kakao.com/845100184
154,154,자두공원,울산 남구 달동 1260-1,0.0,공원,태그 없음,./kakao_reviews/울산 공원/자두공원.csv,https://place.map.kakao.com/14978507
157,157,범서생활체육공원,울산 울주군 범서읍 천상중앙길 34,4.0,공원,['#나들이'],./kakao_reviews/울산 공원/범서생활체육공원.csv,https://place.map.kakao.com/12007068
159,159,솔개공원,울산 울주군 서생면 해맞이로 1416,0.0,공원,태그 없음,./kakao_reviews/울산 공원/솔개공원.csv,https://place.map.kakao.com/899582506
163,163,동평공원,울산 남구 달동 134-1,0.0,공원,['#걷기좋은'],./kakao_reviews/울산 공원/동평공원.csv,https://place.map.kakao.com/18203946
164,164,문수마로니에공원,울산 남구 무거동 산 47-1,5.0,공원,태그 없음,./kakao_reviews/울산 공원/문수마로니에공원.csv,https://place.map.kakao.com/1637877843
165,165,신선소공원,울산 남구 야음동 940,0.0,공원,"['#안심식당', '#제로페이']",./kakao_reviews/울산 공원/신선소공원.csv,https://place.map.kakao.com/658078463
170,170,불고기팜농어촌테마공원,울산 울주군 상북면 지내리 6,0.0,공원,['#걷기좋은'],./kakao_reviews/울산 공원/불고기팜농어촌테마공원.csv,https://place.map.kakao.com/778938870
181,181,정다운공원,울산 남구 달동 1352-1,5.0,공원,태그 없음,./kakao_reviews/울산 공원/정다운공원.csv,https://place.map.kakao.com/18203615
182,182,다감공원,울산 남구 삼산동 182-2,0.0,공원,"['#산책로', '#야영장', '#오션뷰', '#오토캠핑', '#우중캠핑', '#차박', '#카라반', '#캠핑장']",./kakao_reviews/울산 공원/다감공원.csv,https://place.map.kakao.com/1384136154
185,185,새싹공원,울산 남구 옥동 263-2,0.0,공원,태그 없음,./kakao_reviews/울산 공원/새싹공원.csv,https://place.map.kakao.com/18203882
186,186,무둔실공원,울산 남구 신정동 78-4,0.0,공원,태그 없음,./kakao_reviews/울산 공원/무둔실공원.csv,https://place.map.kakao.com/18203833
187,187,무일공원,울산 남구 무거동 1442-1,0.0,공원,태그 없음,./kakao_reviews/울산 공원/무일공원.csv,https://place.map.kakao.com/2070259487
196,196,마루공원,울산 울주군 범서읍 천상5길 6-7,0.0,공원,태그 없음,./kakao_reviews/울산 공원/마루공원.csv,https://place.map.kakao.com/44399128
199,199,하평공원,울산 울주군 삼남읍 교동리 1678-2,0.0,공원,태그 없음,./kakao_reviews/울산 공원/하평공원.csv,https://place.map.kakao.com/830943825
206,206,화진공원,울산 중구 화진4길 49,0.0,공원,['#억새밭'],./kakao_reviews/울산 공원/화진공원.csv,https://place.map.kakao.com/27419289
213,213,간절곶느린우체통,울산 울주군 서생면 간절곶1길 1,0.0,"관광,명소","['#나들이', '#물놀이']",./kakao_reviews/울산 명소/간절곶느린우체통.csv,https://place.map.kakao.com/1070001448
214,214,영남알프스,울산 울주군 상북면 알프스온천5길 103-8,3.6,"관광,명소","['#단풍명소', '#억새밭', '#일출명소']",./kakao_reviews/울산 명소/영남알프스.csv,https://place.map.kakao.com/14541211
216,216,소망우체통,울산 울주군 서생면 대송리 27-1,4.3,"관광,명소",['#단풍명소'],./kakao_reviews/울산 명소/소망우체통.csv,https://place.map.kakao.com/17360748
217,217,함월루,울산 중구 함월1길 7,5.0,"관광,명소",['#일출명소'],./kakao_reviews/울산 명소/함월루.csv,https://place.map.kakao.com/26984946
218,218,함월루,울산 중구 함월1길 7,5.0,"관광,명소","['#걷기좋은', '#드라이브코스', '#일출명소']",./kakao_reviews/울산 명소/함월루.csv,https://place.map.kakao.com/26984946
220,220,간월재 억새평원,울산 울주군 상북면 등억알프스리 산 181,4.7,"관광,명소",태그 없음,./kakao_reviews/울산 명소/간월재 억새평원.csv,https://place.map.kakao.com/18431057
221,221,울산큰애기집,울산 중구 문화의거리 28,0.0,"관광,명소",태그 없음,./kakao_reviews/울산 명소/울산큰애기집.csv,https://place.map.kakao.com/1349871294
226,226,장생포고래문화마을,울산 남구 매암동 209-8,3.7,"관광,명소","['#모노레일', '#수국명소']",./kakao_reviews/울산 명소/장생포고래문화마을.csv,https://place.map.kakao.com/26435058
229,229,영남알프스,울산 울주군 상북면 알프스온천5길 103-8,3.6,"관광,명소","['#억새밭', '#일출명소']",./kakao_reviews/울산 명소/영남알프스.csv,https://place.map.kakao.com/14541211
231,231,해맞이무릉도원,울산 울주군 서생면 신암리 260,0.0,"관광,명소","['#나들이', '#물놀이']",./kakao_reviews/울산 명소/해맞이무릉도원.csv,https://place.map.kakao.com/26300345
237,237,주전어촌체험마을 안내센터,울산 동구 새싹길 23,0.0,관광안내소,태그 없음,./kakao_reviews/울산 명소/주전어촌체험마을 안내센터.csv,https://place.map.kakao.com/25968239
238,238,울산공항 관광안내소,울산 북구 산업로 1103 1층,0.0,관광안내소,태그 없음,./kakao_reviews/울산 명소/울산공항 관광안내소.csv,https://place.map.kakao.com/26916122
248,248,태화강국가정원,울산 중구 태화동 107,4.5,국가정원,"['#나들이', '#단풍명소', '#맥문동', '#핑크뮬리명소']",./kakao_reviews/울산 명소/태화강국가정원.csv,https://place.map.kakao.com/25039682
250,250,신불산군립공원,울산 울주군 상북면 등억알프스리,5.0,군립공원,"['#나들이', '#드라이브코스']",./kakao_reviews/울산 명소/신불산군립공원.csv,https://place.map.kakao.com/8441650
251,251,라포레소호 캠핑장,울산 울주군 상북면 소호리 872-4 1층,0.0,글램핑장,"['#MT펜션', '#가족펜션', '#단체펜션', '#야유회펜션', '#오션뷰']",./kakao_reviews/울산 숙소/라포레소호 캠핑장.csv,https://place.map.kakao.com/497692727
257,257,태화강체육공원 농구장,울산 중구 성남동 314-2,1.0,농구장,태그 없음,./kakao_reviews/울산 공원/태화강체육공원 농구장.csv,https://place.map.kakao.com/426647551
258,258,솔마루길 신선산코스,울산 남구 선암동 484,0.0,도보여행,['#걷기좋은'],./kakao_reviews/울산 명소/솔마루길 신선산코스.csv,https://place.map.kakao.com/18973436
265,265,태화루공원,울산 중구 태화로 300,3.0,도시근린공원,태그 없음,./kakao_reviews/울산 공원/태화루공원.csv,https://place.map.kakao.com/27418936
266,266,태화근린공원,울산 중구 태화동 산 35,0.0,도시근린공원,태그 없음,./kakao_reviews/울산 공원/태화근린공원.csv,https://place.map.kakao.com/27418794
268,268,태화강 둔치공원,울산 중구 오산1길 26,0.0,도시근린공원,태그 없음,./kakao_reviews/울산 공원/태화강 둔치공원.csv,https://place.map.kakao.com/17384758
269,269,후릉공원,울산 동구 방어동 1105-3,0.0,도시근린공원,태그 없음,./kakao_reviews/울산 공원/후릉공원.csv,https://place.map.kakao.com/18203993
275,275,송정박상진호수공원,울산 북구 송정동 1091-1,4.2,도시근린공원,"['#걷기좋은', '#나들이', '#단풍명소', '#데이트코스', '#핑크뮬리명소']",./kakao_reviews/울산 공원/송정박상진호수공원.csv,https://place.map.kakao.com/26031308
277,277,송정박상진호수공원,울산 북구 송정동 1091-1,4.2,도시근린공원,['#나들이'],./kakao_reviews/울산 공원/송정박상진호수공원.csv,https://place.map.kakao.com/26031308
278,278,학성공원,울산 중구 학성공원3길 54,3.0,도시근린공원,"['#나들이', '#단풍명소']",./kakao_reviews/울산 공원/학성공원.csv,https://place.map.kakao.com/8134259
280,280,선암호수공원,울산 남구 선암동 490-1,4.5,도시근린공원,"['#걷기좋은', '#나들이', '#단풍명소']",./kakao_reviews/울산 공원/선암호수공원.csv,https://place.map.kakao.com/8366637
282,282,구영리선사마을공원,울산 울주군 범서읍 구영리,5.0,도시근린공원,태그 없음,./kakao_reviews/울산 공원/구영리선사마을공원.csv,https://place.map.kakao.com/12520336
283,283,월봉공원,울산 남구 신정동,0.0,도시근린공원,태그 없음,./kakao_reviews/울산 공원/월봉공원.csv,https://place.map.kakao.com/15145365
288,288,당사해양낚시공원,울산 북구 당사동,5.0,도시근린공원,['#나들이'],./kakao_reviews/울산 공원/당사해양낚시공원.csv,https://place.map.kakao.com/25778942
289,289,울산문화공원,울산 남구 번영로 200,4.0,도시근린공원,['#단풍명소'],./kakao_reviews/울산 공원/울산문화공원.csv,https://place.map.kakao.com/11474918
291,291,울산체육공원,울산 남구 무거동 산 43-2,4.0,도시근린공원,['#단풍명소'],./kakao_reviews/울산 공원/울산체육공원.csv,https://place.map.kakao.com/11474914
292,292,송정공원,울산 울주군 서생면 송정1길 96,4.5,도시근린공원,['#나들이'],./kakao_reviews/울산 공원/송정공원.csv,https://place.map.kakao.com/27408730
294,294,꽃나루공원,울산 동구 방어동 926-2,0.0,도시근린공원,태그 없음,./kakao_reviews/울산 공원/꽃나루공원.csv,https://place.map.kakao.com/10200560
297,297,와와공원,울산 남구 무거동 1225,5.0,도시근린공원,태그 없음,./kakao_reviews/울산 공원/와와공원.csv,https://place.map.kakao.com/23183593
298,298,상북면민운동장,울산 울주군 상북면 거리 1122-117,0.0,도시근린공원,태그 없음,./kakao_reviews/울산 공원/상북면민운동장.csv,https://place.map.kakao.com/23773400
301,301,서생체육공원,울산 울주군 서생면 갓재길 30,0.0,도시근린공원,['#단풍명소'],./kakao_reviews/울산 공원/서생체육공원.csv,https://place.map.kakao.com/23909937
304,304,덕신소공원,울산 울주군 온산읍 덕신리 269,3.7,도시근린공원,['#나들이'],./kakao_reviews/울산 공원/덕신소공원.csv,https://place.map.kakao.com/11003583
305,305,방기공원,울산 울주군 삼남읍 방기리 산 88-8,0.0,도시근린공원,태그 없음,./kakao_reviews/울산 공원/방기공원.csv,https://place.map.kakao.com/1990047700
315,315,대암체육공원,울산 울주군 삼동면 대암둔기로 148,0.0,도시근린공원,태그 없음,./kakao_reviews/울산 공원/대암체육공원.csv,https://place.map.kakao.com/2054763613
336,336,도토리공원,울산 남구 삼산동 1495-1,0.0,도시근린공원,태그 없음,./kakao_reviews/울산 공원/도토리공원.csv,https://place.map.kakao.com/18203814
337,337,호계3공원,울산 북구 호계동,0.0,도시근린공원,태그 없음,./kakao_reviews/울산 공원/호계3공원.csv,https://place.map.kakao.com/27049185
343,343,산시공원,울산 동구 전하동 688-4,0.0,도시근린공원,태그 없음,./kakao_reviews/울산 공원/산시공원.csv,https://place.map.kakao.com/103786308
368,368,수암공원,울산 남구 야음동 753-7,0.0,도시근린공원,태그 없음,./kakao_reviews/울산 공원/수암공원.csv,https://place.map.kakao.com/15214852
369,369,원약공원,울산 중구 약사동 349-1,0.0,도시근린공원,태그 없음,./kakao_reviews/울산 공원/원약공원.csv,https://place.map.kakao.com/1137816680
371,371,선암동체육공원,울산 남구 두왕로 94,0.0,도시근린공원,태그 없음,./kakao_reviews/울산 공원/선암동체육공원.csv,https://place.map.kakao.com/8381118
373,373,45소공원,울산 중구 학성동 64,0.0,도시근린공원,태그 없음,./kakao_reviews/울산 공원/45소공원.csv,https://place.map.kakao.com/28190236
376,376,장검공원,울산 울주군 범서읍 굴화리 755-7,0.0,도시근린공원,태그 없음,./kakao_reviews/울산 공원/장검공원.csv,https://place.map.kakao.com/821326807
384,384,방어진체육공원,울산 동구 봉수로 27-90,0.0,도시근린공원,태그 없음,./kakao_reviews/울산 공원/방어진체육공원.csv,https://place.map.kakao.com/17384960
385,385,대왕암공원,울산 동구 일산동 905,4.5,도시근린공원,"['#나들이', '#단풍명소']",./kakao_reviews/울산 공원/대왕암공원.csv,https://place.map.kakao.com/7821300
393,393,왕방요,울산 울주군 삼동면 출강왕방길 122,5.0,"도자기,도예촌","['#단풍명소', '#아이와놀자']",./kakao_reviews/울산 명소/왕방요.csv,https://place.map.kakao.com/9273978
395,395,자수정동굴나라,울산 울주군 상북면 자수정로 212,3.3,동굴,"['#나들이', '#제로페이']",./kakao_reviews/울산 명소/자수정동굴나라.csv,https://place.map.kakao.com/8536905
397,397,태화강동굴피아,울산 남구 신정동 1540-4,2.8,동굴,['#나들이'],./kakao_reviews/울산 명소/태화강동굴피아.csv,https://place.map.kakao.com/862744623
400,400,대왕암공원 바닷가길,울산 동구 일산동 905,0.0,둘레길,태그 없음,./kakao_reviews/울산 명소/대왕암공원 바닷가길.csv,https://place.map.kakao.com/291581693
402,402,선암호수공원길,울산 남구 선암동 480,0.0,드라이브코스,태그 없음,./kakao_reviews/울산 명소/선암호수공원길.csv,https://place.map.kakao.com/691336839
405,405,무룡산등산로,울산 북구 연암동,0.0,등산로,태그 없음,./kakao_reviews/울산 명소/무룡산등산로.csv,https://place.map.kakao.com/1198255528
406,406,아리랑릿지,울산 울주군 삼남읍 방기리,5.0,등산로,태그 없음,./kakao_reviews/울산 명소/아리랑릿지.csv,https://place.map.kakao.com/934627212
425,425,마나보나 울산대점,울산 남구 대학로84번길 5-11 3층,4.0,만화방,['#제로페이'],./kakao_reviews/울산 만화카페/마나보나 울산대점.csv,https://place.map.kakao.com/27235011
427,427,마나보나 성남점,울산 중구 먹자거리 25-2 2층,3.7,만화방,['#제로페이'],./kakao_reviews/울산 만화카페/마나보나 성남점.csv,https://place.map.kakao.com/1979592582
428,428,마나보다 구영점,울산 울주군 범서읍 구영로 94 메인프라자 4층,3.5,만화방,태그 없음,./kakao_reviews/울산 만화카페/마나보다 구영점.csv,https://place.map.kakao.com/1209589235
430,430,커피인더카툰 울산산하점,울산 북구 산하중앙2로 290 아이스퀘어상가 504호,5.0,만화방,태그 없음,./kakao_reviews/울산 만화카페/커피인더카툰 울산산하점.csv,https://place.map.kakao.com/1207940290
432,432,덕신만화,울산 울주군 온산읍 신온8길 18,4.5,만화방,태그 없음,./kakao_reviews/울산 만화카페/덕신만화.csv,https://place.map.kakao.com/737771393
433,433,잼툰만화카페,울산 중구 남외로 92 5층,1.0,만화카페,"['#데이트코스', '#만화카페', '#보드게임카페', '#실내놀거리', '#제로페이']",./kakao_reviews/울산 보드카페/잼툰만화카페.csv,https://place.map.kakao.com/227817197
434,434,잼툰만화카페,울산 중구 남외로 92 5층,1.0,만화카페,"['#데이트코스', '#만화카페', '#보드게임카페', '#실내놀거리', '#제로페이']",./kakao_reviews/울산 만화카페/잼툰만화카페.csv,https://place.map.kakao.com/227817197
435,435,스펀지만화카페 울산본점,울산 중구 젊음의거리 30-2 3층,3.0,만화카페,['#만화카페'],./kakao_reviews/울산 만화카페/스펀지만화카페 울산본점.csv,https://place.map.kakao.com/1437500272
436,436,티앤북스 울산삼산점,울산 남구 삼산중로74번길 28 6층,4.7,만화카페,"['#데이트코스', '#만화카페', '#보드게임카페', '#북카페', '#실내놀거리', '#컬쳐카페']",./kakao_reviews/울산 보드카페/티앤북스 울산삼산점.csv,https://place.map.kakao.com/642862245
438,438,오층만화방,울산 동구 해수욕장길 5 5층,5.0,만화카페,"['#데이트코스', '#만화카페', '#보드게임', '#실내놀거리']",./kakao_reviews/울산 만화카페/오층만화방.csv,https://place.map.kakao.com/1965594569
441,441,티앤북스 울산삼산점,울산 남구 삼산중로74번길 28 6층,4.7,만화카페,"['#데이트코스', '#만화카페', '#보드게임카페', '#북카페', '#실내놀거리', '#컬쳐카페']",./kakao_reviews/울산 만화카페/티앤북스 울산삼산점.csv,https://place.map.kakao.com/642862245
443,443,마나보나 북구점,울산 북구 동대중앙로 27 2층,4.0,만화카페,"['#데이트코스', '#만화카페', '#이색카페']",./kakao_reviews/울산 만화카페/마나보나 북구점.csv,https://place.map.kakao.com/1194121738
444,444,놀숲 울산대점,울산 남구 대학로94번길 11 5층,5.0,만화카페,"['#데이트코스', '#만화카페', '#보드게임', '#북카페', '#실내놀거리', '#실내데이트', '#아이와함께', '#제로페이']",./kakao_reviews/울산 만화카페/놀숲 울산대점.csv,https://place.map.kakao.com/644282536
445,445,봉계한우불고기특구,울산 울주군 두동면 계명1길 1,0.0,먹자골목,"['#나들이', '#단풍명소']",./kakao_reviews/울산 명소/봉계한우불고기특구.csv,https://place.map.kakao.com/14541077
446,446,병영막창골목,울산 중구 남외동,4.0,먹자골목,"['#물놀이', '#아이와놀자', '#제로페이']",./kakao_reviews/울산 명소/병영막창골목.csv,https://place.map.kakao.com/1224817552
447,447,울산곰장어골목,울산 중구 젊음의거리 107,5.0,먹자골목,태그 없음,./kakao_reviews/울산 명소/울산곰장어골목.csv,https://place.map.kakao.com/1214687981
449,449,삼호곱창거리,울산 남구 무거동 1182-1,0.0,먹자골목,태그 없음,./kakao_reviews/울산 명소/삼호곱창거리.csv,https://place.map.kakao.com/1254540902
452,452,팔각정,울산 울주군 서생면 진하리,0.0,문화유적,태그 없음,./kakao_reviews/울산 명소/팔각정.csv,https://place.map.kakao.com/8112598
454,454,울산동헌및내아,울산 중구 동헌길 167,4.8,문화유적,['#단풍명소'],./kakao_reviews/울산 명소/울산동헌및내아.csv,https://place.map.kakao.com/27190134
457,457,울산 대곡리반구대암각화,울산 울주군 언양읍 대곡리 991,4.5,문화유적,"['#걷기좋은', '#나들이', '#단풍명소', '#일출명소']",./kakao_reviews/울산 명소/울산 대곡리반구대암각화.csv,https://place.map.kakao.com/11816400
458,458,처용암,울산 남구 황성동 668-1,2.8,문화유적,태그 없음,./kakao_reviews/울산 명소/처용암.csv,https://place.map.kakao.com/8099598
461,461,전천재 경주최씨 사성공파 재당,울산 울주군 두서면 활천2길 105,5.0,문화유적,태그 없음,./kakao_reviews/울산 명소/전천재 경주최씨 사성공파 재당.csv,https://place.map.kakao.com/977460435
467,467,만정헌,울산 울주군 상북면 명촌1길 39,5.0,문화유적,['#물놀이'],./kakao_reviews/울산 명소/만정헌.csv,https://place.map.kakao.com/7863274
468,468,언덕산장,울산 울주군 상북면 배내죽전길 3,1.0,민박,태그 없음,./kakao_reviews/울산 숙소/언덕산장.csv,https://place.map.kakao.com/7992744
470,470,은현당,울산 북구 아름1길 42-13 1층,0.0,민박,태그 없음,./kakao_reviews/울산 숙소/은현당.csv,https://place.map.kakao.com/1751217586
473,473,선바위,울산 울주군 범서읍 구영리 1073-1,3.6,바위,태그 없음,./kakao_reviews/울산 명소/선바위.csv,https://place.map.kakao.com/25039531
475,475,대왕암,울산 동구 일산동 905-7,4.7,바위,['#일출명소'],./kakao_reviews/울산 명소/대왕암.csv,https://place.map.kakao.com/11002879
476,476,노랑바위,울산 북구 어물동,0.0,바위,태그 없음,./kakao_reviews/울산 명소/노랑바위.csv,https://place.map.kakao.com/11021223
479,479,강동화암주상절리,울산 북구 산하동 952-1 일원,3.0,바위,태그 없음,./kakao_reviews/울산 명소/강동화암주상절리.csv,https://place.map.kakao.com/8169485
484,484,홈즈앤루팡,울산 남구 삼산중로74번길 18 3층,3.0,보드카페,"['#데이트코스', '#룸카페', '#방탈출카페', '#보드게임카페', '#실내놀거리', '#이색카페', '#카카오페이', '#제로페이']",./kakao_reviews/울산 방탈출/홈즈앤루팡.csv,https://place.map.kakao.com/888047710
486,486,홈즈앤루팡,울산 남구 삼산중로74번길 18 3층,3.0,보드카페,"['#데이트코스', '#룸카페', '#방탈출카페', '#보드게임카페', '#실내놀거리', '#이색카페', '#카카오페이', '#제로페이']",./kakao_reviews/울산 보드카페/홈즈앤루팡.csv,https://place.map.kakao.com/888047710
487,487,레드버튼 울산삼산점,울산 남구 삼산중로74번길 23 A동 4층 401호,3.0,보드카페,"['#데이트코스', '#보드게임카페', '#실내놀거리', '#예스키즈존']",./kakao_reviews/울산 보드카페/레드버튼 울산삼산점.csv,https://place.map.kakao.com/1703974677
488,488,홈즈앤루팡 성남점,울산 중구 젊음의거리 52 2층,4.5,보드카페,"['#데이트코스', '#보드게임카페', '#실내놀거리', '#카카오페이', '#제로페이']",./kakao_reviews/울산 보드카페/홈즈앤루팡 성남점.csv,https://place.map.kakao.com/139686050
494,494,포춘팩토리,울산 중구 먹자거리 9 2층,5.0,보드카페,"['#데이트코스', '#보드게임카페', '#실내놀거리']",./kakao_reviews/울산 보드카페/포춘팩토리.csv,https://place.map.kakao.com/1271875127
496,496,문수볼링장,울산 남구 웅촌로 1342 문수 체육관 지하1층,1.0,볼링장,['#실내놀거리'],./kakao_reviews/울산 볼링장/문수볼링장.csv,https://place.map.kakao.com/1820115828
497,497,동경볼링센터,"울산 남구 대학로76번길 7-11 2,3층",1.0,볼링장,"['#실내놀거리', '#제로페이']",./kakao_reviews/울산 볼링장/동경볼링센터.csv,https://place.map.kakao.com/10307935
505,505,성광AMF볼링장,울산 남구 월평로187번길 8,0.0,볼링장,"['#실내놀거리', '#제로페이']",./kakao_reviews/울산 볼링장/성광AMF볼링장.csv,https://place.map.kakao.com/580050498
510,510,언양부로산봉수대,울산 울주군 삼남읍 교동리 산 90,0.0,봉수대,태그 없음,./kakao_reviews/울산 명소/언양부로산봉수대.csv,https://place.map.kakao.com/7996301
511,511,패밀리북카페,울산 북구 신답로 40 지팝프라자 3층 314호,5.0,북카페,"['#만화카페', '#보드게임', '#북카페', '#실내놀거리', '#제로페이']",./kakao_reviews/울산 만화카페/패밀리북카페.csv,https://place.map.kakao.com/1329590390
514,514,어물동마애여래좌상,울산 북구 어물동 산 121,0.0,"불상,석불",태그 없음,./kakao_reviews/울산 명소/어물동마애여래좌상.csv,https://place.map.kakao.com/10404392
517,517,동화정사,울산 북구 화산2길 24,0.0,"사당,제단",태그 없음,./kakao_reviews/울산 명소/동화정사.csv,https://place.map.kakao.com/612862325
520,520,돋질산,울산 남구 여천동 산 36-11,4.2,산,태그 없음,./kakao_reviews/울산 명소/돋질산.csv,https://place.map.kakao.com/7834110
523,523,신불산,울산 울주군 상북면 등억알프스리 산 180,4.8,산,['#나들이'],./kakao_reviews/울산 명소/신불산.csv,https://place.map.kakao.com/10524276
524,524,신불산,울산 울주군 상북면 등억알프스리 산 180,4.8,산,"['#100대명산', '#억새밭', '#일출명소']",./kakao_reviews/울산 명소/신불산.csv,https://place.map.kakao.com/10524276
525,525,무룡산,울산 북구 연암동 산 1-1,4.0,산,태그 없음,./kakao_reviews/울산 명소/무룡산.csv,https://place.map.kakao.com/7877625
527,527,문수산,울산 울주군 청량읍 율리 산 339,4.9,산,['#물놀이'],./kakao_reviews/울산 명소/문수산.csv,https://place.map.kakao.com/15166438
529,529,간월산,울산 울주군 상북면 등억알프스리 산 220-3,4.6,산,"['#나들이', '#일출명소']",./kakao_reviews/울산 명소/간월산.csv,https://place.map.kakao.com/8629384
531,531,영축산,울산 울주군 삼남읍 방기리 산 52,4.1,산,태그 없음,./kakao_reviews/울산 명소/영축산.csv,https://place.map.kakao.com/15174199
535,535,함월산,울산 중구 성안동 819-2,5.0,산,"['#곤충파충류체험전', '#나들이', '#생태체험', '#실내식물원']",./kakao_reviews/울산 명소/함월산.csv,https://place.map.kakao.com/25393905
537,537,천황산,울산 울주군 상북면 이천리,4.5,산,태그 없음,./kakao_reviews/울산 명소/천황산.csv,https://place.map.kakao.com/8089427
539,539,오두산,울산 울주군 상북면 양등리 산 142,4.0,산,태그 없음,./kakao_reviews/울산 명소/오두산.csv,https://place.map.kakao.com/25039049
548,548,가지산,울산 울주군 상북면 덕현리 산 232-2,4.6,산,['#억새밭'],./kakao_reviews/울산 명소/가지산.csv,https://place.map.kakao.com/8118295
551,551,황방산,울산 중구 장현동,5.0,산,태그 없음,./kakao_reviews/울산 명소/황방산.csv,https://place.map.kakao.com/26547069
554,554,가지산,울산 울주군 상북면 덕현리 산 232-2,4.6,산,"['#100대명산', '#단풍명소', '#억새밭']",./kakao_reviews/울산 명소/가지산.csv,https://place.map.kakao.com/8118295
556,556,염포산,울산 동구 전하동 산 173,5.0,산,['#물놀이'],./kakao_reviews/울산 명소/염포산.csv,https://place.map.kakao.com/10644948
561,561,은월봉,울산 남구 신정동 산 108,5.0,산봉우리,['#핑크뮬리명소'],./kakao_reviews/울산 명소/은월봉.csv,https://place.map.kakao.com/24022609
562,562,배내봉,울산 울주군 상북면 등억알프스로 607-15,4.0,산봉우리,태그 없음,./kakao_reviews/울산 명소/배내봉.csv,https://place.map.kakao.com/17469653
563,563,울주언양읍성,울산 울주군 언양읍 동부리 291,4.0,"산성,성곽",태그 없음,./kakao_reviews/울산 명소/울주언양읍성.csv,https://place.map.kakao.com/10570989
564,564,서생포왜성,울산 울주군 서생면 서생리 711,3.3,"산성,성곽",태그 없음,./kakao_reviews/울산 명소/서생포왜성.csv,https://place.map.kakao.com/7944431
565,565,남목마성,울산 동구 동부동 산 187-1,0.0,"산성,성곽",태그 없음,./kakao_reviews/울산 명소/남목마성.csv,https://place.map.kakao.com/10194570
568,568,주암산장,울산 울주군 상북면 배내주암길 103,5.0,"산장,별장",['#제로페이'],./kakao_reviews/울산 숙소/주암산장.csv,https://place.map.kakao.com/24996353
573,573,봉현재,울산 북구 연암9길 16-1,0.0,"생가,고택",태그 없음,./kakao_reviews/울산 명소/봉현재.csv,https://place.map.kakao.com/1322017687
576,576,구량리은행나무,울산 울주군 두서면 구량리 860,4.0,"생태보존,서식지",태그 없음,./kakao_reviews/울산 명소/구량리은행나무.csv,https://place.map.kakao.com/7845220
578,578,간월재,울산 울주군 상북면 간월산길 614,4.7,"생태보존,서식지","['#단풍명소', '#억새밭']",./kakao_reviews/울산 명소/간월재.csv,https://place.map.kakao.com/11571813
579,579,태화강억새군락지,울산 북구 명촌동 30,3.8,"생태보존,서식지",태그 없음,./kakao_reviews/울산 명소/태화강억새군락지.csv,https://place.map.kakao.com/25985344
582,582,반구서원,울산 울주군 언양읍 반구대안길 299,0.0,서원,태그 없음,./kakao_reviews/울산 명소/반구서원.csv,https://place.map.kakao.com/11253942
584,584,명선도,울산 울주군 서생면 진하리,3.3,섬,"['#단풍명소', '#일출명소', '#핑크뮬리명소']",./kakao_reviews/울산 명소/명선도.csv,https://place.map.kakao.com/11487047
586,586,슬도,울산 동구 방어동,4.5,섬(내륙),"['#유채꽃', '#차박']",./kakao_reviews/울산 명소/슬도.csv,https://place.map.kakao.com/8443142
587,587,슬도,울산 동구 방어동,4.5,섬(내륙),['#억새밭'],./kakao_reviews/울산 명소/슬도.csv,https://place.map.kakao.com/8443142
589,589,울산수목원,울산 울주군 온양읍 운화리 1320-2,3.5,"수목원,식물원",['#걷기좋은'],./kakao_reviews/울산 명소/울산수목원.csv,https://place.map.kakao.com/2025070744
591,591,울산테마식물수목원,울산 동구 쇠평길 33-1,2.0,"수목원,식물원",['#나들이'],./kakao_reviews/울산 명소/울산테마식물수목원.csv,https://place.map.kakao.com/8462734
593,593,자연과아이들수목원,울산 울주군 상북면 거리지곡2길 7,5.0,"수목원,식물원",태그 없음,./kakao_reviews/울산 명소/자연과아이들수목원.csv,https://place.map.kakao.com/23909481
594,594,울산들꽃학습원,울산 울주군 범서읍 두산로 52,5.0,"수목원,식물원","['#나들이', '#드라이브코스', '#일출명소']",./kakao_reviews/울산 명소/울산들꽃학습원.csv,https://place.map.kakao.com/1205794093
603,603,태화강국가정원 십리대숲,울산 중구 태화동 636,4.4,숲,"['#나들이', '#산책로']",./kakao_reviews/울산 명소/태화강국가정원 십리대숲.csv,https://place.map.kakao.com/11581806
607,607,와우쥬 본점,울산 남구 대학로 164 웰츠타워 상가2층 214호,4.2,실내동물원,"['#나들이', '#단풍명소']",./kakao_reviews/울산 명소/와우쥬 본점.csv,https://place.map.kakao.com/27464225
611,611,울주해양레포츠센터 캠핑장,울산 울주군 서생면 해맞이로 1560,4.0,"야영,캠핑장","['#산책로', '#세미나실', '#오션뷰', '#오토캠핑', '#차박', '#캠핑장']",./kakao_reviews/울산 숙소/울주해양레포츠센터 캠핑장.csv,https://place.map.kakao.com/17385321
612,612,국립신불산폭포자연휴양림 오토캠핑장,울산 울주군 상북면 이천리 산 2,0.0,"야영,캠핑장",태그 없음,./kakao_reviews/울산 숙소/국립신불산폭포자연휴양림 오토캠핑장.csv,https://place.map.kakao.com/17580556
613,613,달곡캠프,울산 북구 달곡1길 134,0.0,"야영,캠핑장","['#간절곶카라반', '#간절곶펜션', '#울산카라반', '#울산펜션', '#진하펜션', '#오션뷰', '#카라반', '#커플펜션', '#해맞이펜션']",./kakao_reviews/울산 숙소/달곡캠프.csv,https://place.map.kakao.com/26571369
614,614,신불산군립공원 등억알프스야영장,울산 울주군 상북면 등억알프스리 309-1,3.0,"야영,캠핑장","['#가족펜션', '#물놀이', '#바베큐장', '#오션뷰', '#파우더룸', '#해수욕장펜션']",./kakao_reviews/울산 숙소/신불산군립공원 등억알프스야영장.csv,https://place.map.kakao.com/94673371
616,616,울주해양레포츠센터 캠핑장,울산 울주군 서생면 해맞이로 1560,4.0,"야영,캠핑장","['#무료야영장', '#솔로캠핑', '#야영장', '#오토캠핑', '#카라반', '#캠핑장']",./kakao_reviews/울산 숙소/울주해양레포츠센터 캠핑장.csv,https://place.map.kakao.com/17385321
617,617,당사현대차오션캠프,울산 북구 당사동 378-4,5.0,"야영,캠핑장","['#가족탕', '#물놀이', '#온돌룸', '#온천호텔', '#조식서비스', '#패밀리룸']",./kakao_reviews/울산 숙소/당사현대차오션캠프.csv,https://place.map.kakao.com/1521726960
618,618,배내골강마을캠핑장,울산 울주군 상북면 배내로 1072,2.7,"야영,캠핑장",태그 없음,./kakao_reviews/울산 숙소/배내골강마을캠핑장.csv,https://place.map.kakao.com/12170409
619,619,등억알프스야영장,울산 울주군 상북면 등억알프스리 309-1,4.0,"야영,캠핑장",['#오션뷰'],./kakao_reviews/울산 숙소/등억알프스야영장.csv,https://place.map.kakao.com/815857177
620,620,천리안캠프힐,울산 울주군 상북면 삽재4길 5,1.5,"야영,캠핑장",태그 없음,./kakao_reviews/울산 숙소/천리안캠프힐.csv,https://place.map.kakao.com/25447757
622,622,해오름캠핑장,울산 울주군 서생면 해맞이로 1109-17,4.0,"야영,캠핑장",['#제로페이'],./kakao_reviews/울산 숙소/해오름캠핑장.csv,https://place.map.kakao.com/473708552
623,623,당사현대차오션캠프,울산 북구 당사동 378-4,5.0,"야영,캠핑장","['#감성캠핑', '#바다낚시', '#산책로', '#캠핑장']",./kakao_reviews/울산 숙소/당사현대차오션캠프.csv,https://place.map.kakao.com/1521726960
624,624,입화산참살이숲야영장,울산 중구 길촌길 333,5.0,"야영,캠핑장","['#커플모텔', '#제로페이']",./kakao_reviews/울산 숙소/입화산참살이숲야영장.csv,https://place.map.kakao.com/21054789
629,629,더베스트모텔,울산 북구 신답1길 9-7 1~6층,3.3,"여관,모텔","['#가족펜션', '#계곡펜션', '#바베큐장', '#온돌룸', '#족구장', '#픽업서비스', '#제로페이']",./kakao_reviews/울산 숙소/더베스트모텔.csv,https://place.map.kakao.com/231643410
631,631,커플모텔,울산 남구 대학로147번길 26,2.7,"여관,모텔","['#조식서비스', '#호캉스']",./kakao_reviews/울산 숙소/커플모텔.csv,https://place.map.kakao.com/26501008
632,632,에이치에비뉴 울산삼산점,울산 남구 삼산로395번길 11,0.0,"여관,모텔","['#감성숙소', '#오션뷰', '#울산여행', '#울산펜션', '#커플여행', '#갤러리카페', '#독채펜션', '#오션뷰카페', '#점심식사']",./kakao_reviews/울산 숙소/에이치에비뉴 울산삼산점.csv,https://place.map.kakao.com/99645554
633,633,K2모텔,울산 울주군 온산읍 온덕1길 11-6,0.0,"여관,모텔",['#조식서비스'],./kakao_reviews/울산 숙소/K2모텔.csv,https://place.map.kakao.com/1992719475
634,634,10월호텔,울산 남구 대학로161번길 21,1.0,"여관,모텔",태그 없음,./kakao_reviews/울산 숙소/10월호텔.csv,https://place.map.kakao.com/24450549
635,635,베르사이유모텔,울산 남구 삼산로301번길 7,5.0,"여관,모텔",['#물놀이'],./kakao_reviews/울산 숙소/베르사이유모텔.csv,https://place.map.kakao.com/9040430
636,636,썸호텔,울산 북구 산하중앙1로 50,0.0,"여관,모텔","['#가족펜션', '#계곡펜션', '#물놀이', '#바베큐장', '#산책로', '#수영장펜션', '#스파펜션', '#야외테라스', '#온수수영장', '#족구장', '#캠핑장', '#제로페이']",./kakao_reviews/울산 숙소/썸호텔.csv,https://place.map.kakao.com/1739850298
638,638,호텔얌 울산삼산점,울산 남구 삼산로402번길 7,2.3,"여관,모텔","['#가족펜션', '#물놀이', '#바베큐장', '#야외테라스', '#조식서비스']",./kakao_reviews/울산 숙소/호텔얌 울산삼산점.csv,https://place.map.kakao.com/1927386763
642,642,베니스모텔,울산 남구 장생포고래로 203,3.0,"여관,모텔",태그 없음,./kakao_reviews/울산 숙소/베니스모텔.csv,https://place.map.kakao.com/9036598
645,645,코이호텔,울산 남구 삼산로317번길 12-12,1.0,"여관,모텔",['#오토캠핑'],./kakao_reviews/울산 숙소/코이호텔.csv,https://place.map.kakao.com/1091903526
646,646,소라모텔,울산 중구 옥골샘4길 15 소라모텔,5.0,"여관,모텔",['#조식서비스'],./kakao_reviews/울산 숙소/소라모텔.csv,https://place.map.kakao.com/1431102334
648,648,그랜드젬호텔,울산 남구 삼산로395번길 6,5.0,"여관,모텔","['#온돌룸', '#제로페이']",./kakao_reviews/울산 숙소/그랜드젬호텔.csv,https://place.map.kakao.com/1742028041
654,654,서라벌모텔,울산 울주군 서생면 진하해변길 54,4.3,"여관,모텔","['#무인모텔', '#물놀이', '#사우나', '#스파룸', '#오션뷰', '#힐링']",./kakao_reviews/울산 숙소/서라벌모텔.csv,https://place.map.kakao.com/16928335
655,655,Q모텔 삼산점,울산 남구 산업로647번길 16,0.0,"여관,모텔",['#제로페이'],./kakao_reviews/울산 숙소/Q모텔 삼산점.csv,https://place.map.kakao.com/845962830
656,656,호텔포스,울산 울주군 삼남읍 도호1길 10,5.0,"여관,모텔","['#가족펜션', '#바베큐장', '#스파펜션']",./kakao_reviews/울산 숙소/호텔포스.csv,https://place.map.kakao.com/1462885331
657,657,브이온천모텔,울산 울주군 상북면 알프스온천2길 10,0.0,"여관,모텔","['#바베큐장', '#오션뷰']",./kakao_reviews/울산 숙소/브이온천모텔.csv,https://place.map.kakao.com/25048871
658,658,큐모텔,울산 남구 대학로147번길 27,0.0,"여관,모텔","['#수영장펜션', '#실외수영장', '#친목여행', '#제로페이']",./kakao_reviews/울산 숙소/큐모텔.csv,https://place.map.kakao.com/1115931666
659,659,알프스온천모텔,울산 울주군 상북면 알프스온천2길 9,0.0,"여관,모텔",태그 없음,./kakao_reviews/울산 숙소/알프스온천모텔.csv,https://place.map.kakao.com/1474674104
660,660,시카고호텔,울산 남구 신복로6번길 9,4.0,"여관,모텔",['#조식서비스'],./kakao_reviews/울산 숙소/시카고호텔.csv,https://place.map.kakao.com/1585329932
662,662,콜모텔,울산 동구 중진1길 6-1,0.0,"여관,모텔",['#제로페이'],./kakao_reviews/울산 숙소/콜모텔.csv,https://place.map.kakao.com/2099296035
664,664,SS모텔,울산 울주군 언양읍 옛장터3길 22,4.0,"여관,모텔","['#물놀이', '#야외테라스', '#어메니티제공', '#오션뷰', '#해수욕장펜션', '#제로페이']",./kakao_reviews/울산 숙소/SS모텔.csv,https://place.map.kakao.com/27395286
665,665,유앤아이모텔,울산 울주군 서생면 진하6길 16,4.7,"여관,모텔",태그 없음,./kakao_reviews/울산 숙소/유앤아이모텔.csv,https://place.map.kakao.com/24452442
666,666,블루오션뷰,울산 울주군 서생면 진하해변길 74,4.0,"여관,모텔","['#물놀이', '#복층펜션', '#오션뷰', '#해수욕장펜션']",./kakao_reviews/울산 숙소/블루오션뷰.csv,https://place.map.kakao.com/26817789
668,668,CC모텔,울산 중구 학산로 10-3,5.0,"여관,모텔",태그 없음,./kakao_reviews/울산 숙소/CC모텔.csv,https://place.map.kakao.com/27476519
670,670,호텔MVG,울산 동구 해수욕장10길 102,4.7,"여관,모텔","['#어메니티제공', '#조식서비스', '#제로페이']",./kakao_reviews/울산 숙소/호텔MVG.csv,https://place.map.kakao.com/26929369
672,672,MW모텔,울산 울주군 상북면 알프스온천1길 38,5.0,"여관,모텔",태그 없음,./kakao_reviews/울산 숙소/MW모텔.csv,https://place.map.kakao.com/1024676177
673,673,간월산온천호텔,울산 울주군 상북면 알프스온천4길 26,4.0,"여관,모텔","['#가족펜션', '#노천탕', '#물놀이', '#바베큐장', '#어메니티제공', '#오션뷰', '#조식서비스', '#풀빌라']",./kakao_reviews/울산 숙소/간월산온천호텔.csv,https://place.map.kakao.com/26590425
674,674,더뱀부호텔,울산 울주군 상북면 알프스온천4길 16,4.0,"여관,모텔","['#노천탕', '#독채펜션', '#물놀이', '#바베큐장', '#산책로', '#수영장펜션', '#애견동반펜션', '#애견수영장', '#야외테라스', '#어메니티제공', '#조식서비스', '#패밀리룸', '#풀빌라']",./kakao_reviews/울산 숙소/더뱀부호텔.csv,https://place.map.kakao.com/1447241389
675,675,팰리스모텔,"울산 중구 새벽시장2길 40 지하1층, 1~7층",5.0,"여관,모텔","['#비즈니스룸', '#비즈니스텔']",./kakao_reviews/울산 숙소/팰리스모텔.csv,https://place.map.kakao.com/17664234
676,676,미다스모텔,울산 울주군 언양읍 동부9길 15,1.0,"여관,모텔","['#2인실', '#바베큐장', '#온돌룸', '#패밀리룸', '#풀빌라', '#해수욕장펜션']",./kakao_reviews/울산 숙소/미다스모텔.csv,https://place.map.kakao.com/8989385
679,679,그랜드모텔,울산 남구 중앙로204번길 13,0.0,"여관,모텔","['#가족펜션', '#단체펜션', '#독채펜션', '#바베큐장', '#워크샵']",./kakao_reviews/울산 숙소/그랜드모텔.csv,https://place.map.kakao.com/8198008
680,680,프리미어호텔,울산 북구 진장1길 6,5.0,"여관,모텔","['#물놀이', '#바베큐장', '#수영장펜션', '#야외테라스', '#어메니티제공', '#오션뷰', '#조식서비스', '#풀빌라']",./kakao_reviews/울산 숙소/프리미어호텔.csv,https://place.map.kakao.com/966578059
682,682,솜누스호텔,울산 남구 삼산로395번길 12,4.0,"여관,모텔",태그 없음,./kakao_reviews/울산 숙소/솜누스호텔.csv,https://place.map.kakao.com/7958079
683,683,모나리자모텔,울산 동구 해수욕장5길 57,5.0,"여관,모텔","['#단체펜션', '#스톰윈드', '#울산독채펜션', '#울산독채풀빌라', '#주전동펜션']",./kakao_reviews/울산 숙소/모나리자모텔.csv,https://place.map.kakao.com/7867012
684,684,더뱀부호텔,울산 울주군 상북면 알프스온천4길 16,4.0,"여관,모텔","['#2인실', '#가족탕', '#가족호텔', '#물놀이', '#스파룸', '#어메니티제공', '#온돌룸', '#온천호텔', '#조식서비스', '#패밀리룸']",./kakao_reviews/울산 숙소/더뱀부호텔.csv,https://place.map.kakao.com/1447241389
686,686,가지산히노끼가족호텔,울산 울주군 상북면 소야정길 1,1.0,"여관,모텔","['#단체펜션', '#야외테라스']",./kakao_reviews/울산 숙소/가지산히노끼가족호텔.csv,https://place.map.kakao.com/196787627
688,688,간월산온천호텔,울산 울주군 상북면 알프스온천4길 26,4.0,"여관,모텔","['#2인실', '#가족탕', '#가족호텔', '#야외테라스', '#패밀리룸', '#제로페이']",./kakao_reviews/울산 숙소/간월산온천호텔.csv,https://place.map.kakao.com/26590425
689,689,호텔MVG,울산 동구 해수욕장10길 102,4.7,"여관,모텔","['#오션뷰', '#조식서비스', '#커플룸', '#패밀리룸']",./kakao_reviews/울산 숙소/호텔MVG.csv,https://place.map.kakao.com/26929369
691,691,무인텔킹,울산 울주군 상북면 알프스온천4길 39,4.5,"여관,모텔",['#조식서비스'],./kakao_reviews/울산 숙소/무인텔킹.csv,https://place.map.kakao.com/1592818498
692,692,브라운도트 울산삼산점,울산 남구 삼산로383번길 6-17,2.4,"여관,모텔",['#호캉스'],./kakao_reviews/울산 숙소/브라운도트 울산삼산점.csv,https://place.map.kakao.com/1634160486
694,694,윈드힐호텔,울산 동구 해수욕장9길 59,5.0,"여관,모텔","['#무인펜션', '#물놀이', '#키즈펜션', '#제로페이']",./kakao_reviews/울산 숙소/윈드힐호텔.csv,https://place.map.kakao.com/26515508
695,695,베네모텔,울산 울주군 상북면 운문로 7,5.0,"여관,모텔","['#글램핑', '#카라반']",./kakao_reviews/울산 숙소/베네모텔.csv,https://place.map.kakao.com/972603558
696,696,키즈호텔 상상플레이 등억점,울산 울주군 상북면 알프스온천4길 2,5.0,"여관,모텔","['#물놀이', '#바베큐장', '#수영장펜션', '#실외수영장', '#야외테라스', '#오션뷰', '#제로페이']",./kakao_reviews/울산 숙소/키즈호텔 상상플레이 등억점.csv,https://place.map.kakao.com/619487455
698,698,YTT모텔,울산 남구 삼산로266번길 5-4,5.0,"여관,모텔","['#가족탕', '#온천호텔']",./kakao_reviews/울산 숙소/YTT모텔.csv,https://place.map.kakao.com/986830943
699,699,호텔락,울산 남구 정동로76번길 2,4.0,"여관,모텔",태그 없음,./kakao_reviews/울산 숙소/호텔락.csv,https://place.map.kakao.com/1318625153
700,700,인투모텔,울산 울주군 상북면 알프스온천3길 43,5.0,"여관,모텔","['#바베큐장', '#야외테라스', '#오션뷰', '#일출감상', '#진하해수욕장']",./kakao_reviews/울산 숙소/인투모텔.csv,https://place.map.kakao.com/1361971623
703,703,쿡온천모텔,울산 울주군 상북면 알프스온천2길 85-13,0.0,"여관,모텔",태그 없음,./kakao_reviews/울산 숙소/쿡온천모텔.csv,https://place.map.kakao.com/681339574
706,706,호텔더클래식,울산 남구 화합로178번길 16,3.0,"여관,모텔",['#제로페이'],./kakao_reviews/울산 숙소/호텔더클래식.csv,https://place.map.kakao.com/460034146
709,709,무인텔칸,울산 울주군 상북면 알프스온천로 145,5.0,"여관,모텔","['#가족여행', '#가족탕', '#가족펜션', '#온천가족탕', '#히노끼탕', '#가족호텔', '#노래방', '#바베큐장']",./kakao_reviews/울산 숙소/무인텔칸.csv,https://place.map.kakao.com/1529450164
712,712,샛별모텔,울산 중구 학성로 37,0.0,"여관,모텔","['#가족캠핑', '#가족탕', '#글램핑', '#물놀이', '#산책로', '#야영장', '#오토캠핑', '#카라반', '#캠핑장']",./kakao_reviews/울산 숙소/샛별모텔.csv,https://place.map.kakao.com/27117575
713,713,더K모텔,울산 울주군 삼남읍 도호1길 29-17,0.0,"여관,모텔","['#계곡펜션', '#글램핑', '#야영장', '#캠핑장']",./kakao_reviews/울산 숙소/더K모텔.csv,https://place.map.kakao.com/789151944
715,715,아이모텔,울산 동구 해수욕장1길 30,1.0,"여관,모텔","['#가족캠핑', '#솔로캠핑', '#오토캠핑', '#캠핑장']",./kakao_reviews/울산 숙소/아이모텔.csv,https://place.map.kakao.com/22705651
717,717,유니크모텔,울산 남구 번영로144번길 8,0.0,"여관,모텔",태그 없음,./kakao_reviews/울산 숙소/유니크모텔.csv,https://place.map.kakao.com/10680102
720,720,마르호텔,울산 중구 성남동 149-7,5.0,"여관,모텔",태그 없음,./kakao_reviews/울산 숙소/마르호텔.csv,https://place.map.kakao.com/629588969
724,724,코코무인텔,울산 울주군 상북면 운문로 5-5,4.5,"여관,모텔",태그 없음,./kakao_reviews/울산 숙소/코코무인텔.csv,https://place.map.kakao.com/25974798
725,725,쿡모텔,울산 동구 해수욕장1길 26,0.0,"여관,모텔",태그 없음,./kakao_reviews/울산 숙소/쿡모텔.csv,https://place.map.kakao.com/9517414
726,726,호텔삼성장,울산 북구 진장3길 23-8 1~4층,0.0,"여관,모텔","['#2인실', '#가족펜션', '#단체펜션', '#물놀이', '#바베큐장', '#커플펜션']",./kakao_reviews/울산 숙소/호텔삼성장.csv,https://place.map.kakao.com/221195216
728,728,호텔명품코보스,울산 남구 삼산로383번길 6-4 1~7층,0.0,"여관,모텔",태그 없음,./kakao_reviews/울산 숙소/호텔명품코보스.csv,https://place.map.kakao.com/10827429
731,731,라헬모텔,울산 울주군 상북면 알프스온천2길 5,0.0,"여관,모텔",태그 없음,./kakao_reviews/울산 숙소/라헬모텔.csv,https://place.map.kakao.com/1028055670
732,732,VIP호텔,울산 남구 정동로76번길 20,1.0,"여관,모텔",['#제로페이'],./kakao_reviews/울산 숙소/VIP호텔.csv,https://place.map.kakao.com/859472059
733,733,휴n모텔,울산 남구 삼산로278번길 16-1,0.0,"여관,모텔","['#야외테라스', '#어메니티제공', '#조식서비스', '#패밀리룸']",./kakao_reviews/울산 숙소/휴n모텔.csv,https://place.map.kakao.com/19537404
736,736,호텔먹자닷컴 일산점,울산 동구 해수욕장2길 39,4.0,"여관,모텔","['#야외테라스', '#오션뷰']",./kakao_reviews/울산 숙소/호텔먹자닷컴 일산점.csv,https://place.map.kakao.com/1048608702
737,737,모텔비너스,울산 남구 두왕로329번길 8,0.0,"여관,모텔","['#노천탕', '#당구대', '#사우나', '#스파룸', '#야외테라스', '#오션뷰', '#조식서비스', '#테마모텔', '#파티룸', '#제로페이']",./kakao_reviews/울산 숙소/모텔비너스.csv,https://place.map.kakao.com/9825121
738,738,넘버25 울산번영로점,울산 남구 왕생로45번길 18,4.5,"여관,모텔","['#한옥펜션', '#제로페이']",./kakao_reviews/울산 숙소/넘버25 울산번영로점.csv,https://place.map.kakao.com/1173013392
739,739,XYM 울산점,울산 남구 대학로147번길 19-1,1.0,"여관,모텔",['#제로페이'],./kakao_reviews/울산 숙소/XYM 울산점.csv,https://place.map.kakao.com/232673349
740,740,호텔플레이,울산 남구 왕생로45번길 15,3.7,"여관,모텔",['#독채펜션'],./kakao_reviews/울산 숙소/호텔플레이.csv,https://place.map.kakao.com/1832622751
741,741,라온모텔,울산 남구 삼산로331번길 10-1,5.0,"여관,모텔","['#독채펜션', '#물놀이']",./kakao_reviews/울산 숙소/라온모텔.csv,https://place.map.kakao.com/2142207282
742,742,히든베이모텔,울산 북구 진장3길 23-5 1~8층,5.0,"여관,모텔","['#무료야영장', '#물놀이', '#야영장', '#오토캠핑', '#캠핑장']",./kakao_reviews/울산 숙소/히든베이모텔.csv,https://place.map.kakao.com/474827854
743,743,블루모텔,울산 남구 삼산로254번길 3,0.0,"여관,모텔","['#가족펜션', '#낚시체험', '#노래방', '#단체펜션', '#바베큐장', '#유아전용풀장', '#커플펜션', '#키즈펜션']",./kakao_reviews/울산 숙소/블루모텔.csv,https://place.map.kakao.com/330363533
744,744,보스턴호텔,울산 북구 진장2길 21 1~5층,3.7,"여관,모텔","['#바베큐장', '#족구장', '#커플여행', '#제로페이']",./kakao_reviews/울산 숙소/보스턴호텔.csv,https://place.map.kakao.com/1580959845
747,747,호텔컨시드,울산 동구 해수욕장9길 66,0.0,"여관,모텔","['#드라이브인시스템', '#무인모텔']",./kakao_reviews/울산 숙소/호텔컨시드.csv,https://place.map.kakao.com/20174832
749,749,브라보모텔,울산 울주군 상북면 알프스온천2길 62,0.0,"여관,모텔",태그 없음,./kakao_reviews/울산 숙소/브라보모텔.csv,https://place.map.kakao.com/1904841210
751,751,넘버25호텔,울산 남구 삼산로67번길 14,2.3,"여관,모텔",태그 없음,./kakao_reviews/울산 숙소/넘버25호텔.csv,https://place.map.kakao.com/16927548
753,753,일쏠레호텔,울산 남구 화합로178번길 20,4.0,"여관,모텔","['#MT펜션', '#물놀이', '#바베큐장', '#오션뷰', '#워크샵', '#해수욕장펜션', '#호캉스']",./kakao_reviews/울산 숙소/일쏠레호텔.csv,https://place.map.kakao.com/1708245793
755,755,노바호텔,울산 북구 진장2길 26,1.0,"여관,모텔",태그 없음,./kakao_reviews/울산 숙소/노바호텔.csv,https://place.map.kakao.com/842590829
757,757,모텔369,울산 남구 신복로6번길 25,5.0,"여관,모텔","['#오션뷰', '#파우더룸', '#호캉스', '#제로페이']",./kakao_reviews/울산 숙소/모텔369.csv,https://place.map.kakao.com/1840325775
759,759,울산대공원 연꽃연못,울산 남구 신정동 1764,0.0,연못,태그 없음,./kakao_reviews/울산 명소/울산대공원 연꽃연못.csv,https://place.map.kakao.com/18049602
763,763,주전패밀리캠핑장,울산 동구 주전해안길 300,5.0,오토캠핑장,"['#오션뷰', '#조식서비스']",./kakao_reviews/울산 숙소/주전패밀리캠핑장.csv,https://place.map.kakao.com/1706380453
764,764,들살이오토캠핑장,울산 울주군 상북면 배내로 1064-4,5.0,오토캠핑장,"['#계곡캠핑', '#물놀이', '#야영장', '#오토캠핑', '#캠핑장']",./kakao_reviews/울산 숙소/들살이오토캠핑장.csv,https://place.map.kakao.com/23489482
765,765,작천정별빛야영장,울산 울주군 상북면 자수정로 320,3.1,오토캠핑장,"['#가족캠핑', '#물놀이', '#솔로캠핑', '#야영장', '#오토캠핑', '#차박', '#캠핑장']",./kakao_reviews/울산 숙소/작천정별빛야영장.csv,https://place.map.kakao.com/26589429
766,766,더캠프오토캠핑장,울산 울주군 상북면 삽재로 420,0.0,오토캠핑장,"['#조식서비스', '#카카오페이']",./kakao_reviews/울산 숙소/더캠프오토캠핑장.csv,https://place.map.kakao.com/21055299
768,768,들살이오토캠핑장,울산 울주군 상북면 배내로 1064-4,5.0,오토캠핑장,"['#글램핑', '#노천탕', '#독채펜션', '#바베큐장', '#애견동반펜션', '#오션뷰', '#짚라인', '#캠핑장', '#핑크뮬리명소']",./kakao_reviews/울산 숙소/들살이오토캠핑장.csv,https://place.map.kakao.com/23489482
769,769,대왕암공원 오토캠핑장,울산 동구 등대로 80-61,4.2,오토캠핑장,"['#산책로', '#야영장', '#오션뷰', '#오토캠핑', '#우중캠핑', '#차박', '#카라반', '#캠핑장']",./kakao_reviews/울산 숙소/대왕암공원 오토캠핑장.csv,https://place.map.kakao.com/1515997134
770,770,배내골오토캠핑장,울산 울주군 상북면 배내로 1350-14,0.0,오토캠핑장,태그 없음,./kakao_reviews/울산 숙소/배내골오토캠핑장.csv,https://place.map.kakao.com/20327435
771,771,주전패밀리캠핑장,울산 동구 주전해안길 300,5.0,오토캠핑장,"['#가족캠핑', '#무료야영장', '#물놀이', '#야영장', '#오션뷰', '#오토캠핑', '#캠핑장', '#제로페이']",./kakao_reviews/울산 숙소/주전패밀리캠핑장.csv,https://place.map.kakao.com/1706380453
773,773,작천정달빛야영장,울산 울주군 삼남읍 작괘들길 67-16,5.0,오토캠핑장,['#비즈니스호텔'],./kakao_reviews/울산 숙소/작천정달빛야영장.csv,https://place.map.kakao.com/381901219
774,774,입화산참살이숲야영장 제2오토캠핑장,울산 중구 길촌길 333,3.0,오토캠핑장,"['#노래방', '#무인모텔', '#무인호텔', '#물놀이', '#부티크호텔', '#스파룸', '#오션뷰', '#조식서비스', '#호캉스']",./kakao_reviews/울산 숙소/입화산참살이숲야영장 제2오토캠핑장.csv,https://place.map.kakao.com/59811416
775,775,태화연오토캠핑장,울산 중구 태화동 278-2,4.5,오토캠핑장,"['#가족캠핑', '#감성캠핑', '#계곡캠핑', '#단체펜션', '#물놀이', '#산책로', '#오토캠핑', '#캠핑장']",./kakao_reviews/울산 숙소/태화연오토캠핑장.csv,https://place.map.kakao.com/188245916
776,776,진하오토캠핑장,울산 울주군 서생면 해맞이로 1560,0.0,오토캠핑장,"['#가족펜션', '#바베큐장', '#워크샵', '#잔디마당', '#족구장']",./kakao_reviews/울산 숙소/진하오토캠핑장.csv,https://place.map.kakao.com/21054751
779,779,발리온천개발,울산 울주군 온양읍 상발2길 34,2.3,온천,['#핑크뮬리명소'],./kakao_reviews/울산 명소/발리온천개발.csv,https://place.map.kakao.com/26973714
781,781,강동해수온천,울산 북구 동해안로 1418,3.0,온천,"['#억새밭', '#일출명소']",./kakao_reviews/울산 명소/강동해수온천.csv,https://place.map.kakao.com/8640893
782,782,문수산탄산온천,울산 남구 대학로 24,2.9,온천,태그 없음,./kakao_reviews/울산 명소/문수산탄산온천.csv,https://place.map.kakao.com/8992122
783,783,발리온천개발,울산 울주군 온양읍 상발2길 34,2.3,온천,['#가족탕'],./kakao_reviews/울산 명소/발리온천개발.csv,https://place.map.kakao.com/26973714
785,785,양정생활체육공원 운동장,울산 북구 양정동 503-1,0.0,운동장,태그 없음,./kakao_reviews/울산 공원/양정생활체육공원 운동장.csv,https://place.map.kakao.com/11528436
787,787,범서온천 지지워터피아,울산 울주군 범서읍 두동로 704,3.5,워터테마파크,태그 없음,./kakao_reviews/울산 명소/범서온천 지지워터피아.csv,https://place.map.kakao.com/7897055
788,788,선바위유원지,울산 울주군 범서읍 입암리,5.0,유원지,"['#단풍명소', '#물놀이']",./kakao_reviews/울산 명소/선바위유원지.csv,https://place.map.kakao.com/27210080
790,790,수운최제우유허지 동학관,울산 중구 유곡동 623,5.0,유적지,태그 없음,./kakao_reviews/울산 명소/수운최제우유허지 동학관.csv,https://place.map.kakao.com/1415018118
791,791,울산방기리알바위,울산 울주군 삼남읍 방기리 444-5,4.0,유적지,태그 없음,./kakao_reviews/울산 명소/울산방기리알바위.csv,https://place.map.kakao.com/12772009
792,792,달천철장,울산 북구 달천동 1-7,5.0,유적지,태그 없음,./kakao_reviews/울산 명소/달천철장.csv,https://place.map.kakao.com/7813623
797,797,대왕암공원 출입구1,울산 동구 일산동 905-3,0.0,입출구,태그 없음,./kakao_reviews/울산 공원/대왕암공원 출입구1.csv,https://place.map.kakao.com/18151322
799,799,간월산 자연휴양림,울산 울주군 상북면 등억알프스로 607-15,0.0,자연휴양림,"['#단풍명소', '#일출명소']",./kakao_reviews/울산 명소/간월산 자연휴양림.csv,https://place.map.kakao.com/8126799
800,800,편백산림욕장,울산 북구 달천동 산 170,5.0,자연휴양림,태그 없음,./kakao_reviews/울산 명소/편백산림욕장.csv,https://place.map.kakao.com/17706759
801,801,국립신불산폭포자연휴양림,울산 울주군 상북면 이천리 산 2,3.7,자연휴양림,"['#나들이', '#단풍명소', '#모노레일', '#억새밭']",./kakao_reviews/울산 명소/국립신불산폭포자연휴양림.csv,https://place.map.kakao.com/736232390
802,802,입화산 자연휴양림,울산 중구 다운동 5,0.0,자연휴양림,['#단풍명소'],./kakao_reviews/울산 명소/입화산 자연휴양림.csv,https://place.map.kakao.com/1835968760
803,803,국립신불산폭포자연휴양림,울산 울주군 상북면 이천리 산 2,3.7,자연휴양림,"['#나들이', '#전망좋은']",./kakao_reviews/울산 명소/국립신불산폭포자연휴양림.csv,https://place.map.kakao.com/736232390
807,807,달천저수지,울산 북구 달천동 183-1,0.0,저수지,태그 없음,./kakao_reviews/울산 명소/달천저수지.csv,https://place.map.kakao.com/7813970
809,809,상수골못,울산 울주군 청량읍 문죽리,0.0,저수지,태그 없음,./kakao_reviews/울산 명소/상수골못.csv,https://place.map.kakao.com/7928764
812,812,대복큰,울산 울주군 웅촌면 대복리,0.0,저수지,태그 없음,./kakao_reviews/울산 명소/대복큰.csv,https://place.map.kakao.com/8099488
817,817,성지골못,울산 울주군 온산읍 강양리,0.0,저수지,태그 없음,./kakao_reviews/울산 명소/성지골못.csv,https://place.map.kakao.com/10472083
822,822,고연저수지,울산 울주군 웅촌면 고연리,3.0,저수지,태그 없음,./kakao_reviews/울산 명소/고연저수지.csv,https://place.map.kakao.com/8235995
832,832,창좌저수지,울산 북구 상안동,0.0,저수지,태그 없음,./kakao_reviews/울산 명소/창좌저수지.csv,https://place.map.kakao.com/15147491
835,835,차리저수지,울산 울주군 두서면 차리 375,0.0,저수지,['#걷기좋은'],./kakao_reviews/울산 명소/차리저수지.csv,https://place.map.kakao.com/23182152
838,838,오룡저수지,울산 울주군 언양읍 평리,0.0,저수지,태그 없음,./kakao_reviews/울산 명소/오룡저수지.csv,https://place.map.kakao.com/8016177
839,839,하태평못,울산 울주군 두서면 구량리,0.0,저수지,태그 없음,./kakao_reviews/울산 명소/하태평못.csv,https://place.map.kakao.com/8142291
842,842,옥동지,울산 북구 창평동 139,0.0,저수지,태그 없음,./kakao_reviews/울산 명소/옥동지.csv,https://place.map.kakao.com/18324974
845,845,점골저수지,울산 남구 무거동,0.0,저수지,태그 없음,./kakao_reviews/울산 명소/점골저수지.csv,https://place.map.kakao.com/15147909
854,854,추성1지,울산 울주군 언양읍 직동리,1.0,저수지,태그 없음,./kakao_reviews/울산 명소/추성1지.csv,https://place.map.kakao.com/8548760
855,855,가정저수지,울산 울주군 두서면 활천리,0.0,저수지,['#걷기좋은'],./kakao_reviews/울산 명소/가정저수지.csv,https://place.map.kakao.com/15148975
856,856,출강소류지,울산 울주군 삼동면 출강리,0.0,저수지,태그 없음,./kakao_reviews/울산 명소/출강소류지.csv,https://place.map.kakao.com/8555500
862,862,큰골못,울산 울주군 온양읍 대안리,0.0,저수지,태그 없음,./kakao_reviews/울산 명소/큰골못.csv,https://place.map.kakao.com/10818120
864,864,사촌저수지,울산 울주군 삼동면 하잠리,0.0,저수지,태그 없음,./kakao_reviews/울산 명소/사촌저수지.csv,https://place.map.kakao.com/10445441
871,871,함월루 공원주차장 전기차충전소,울산 중구 함월15길 5,0.0,전기자동차 충전소,태그 없음,./kakao_reviews/울산 공원/함월루 공원주차장 전기차충전소.csv,https://place.map.kakao.com/875875700
874,874,울산대교전망대,울산 동구 봉수로 155-1,4.6,전망대,"['#나들이', '#데이트코스', '#일출명소', '#전망좋은']",./kakao_reviews/울산 명소/울산대교전망대.csv,https://place.map.kakao.com/26425406
876,876,염포전망대,울산 북구 염포동 산 50-1,5.0,전망대,태그 없음,./kakao_reviews/울산 명소/염포전망대.csv,https://place.map.kakao.com/1753610805
878,878,태화강국가정원 태화강전망대,울산 남구 남산로 223,3.0,전망대,['#억새밭'],./kakao_reviews/울산 명소/태화강국가정원 태화강전망대.csv,https://place.map.kakao.com/19237158
880,880,살티순교성지,울산 울주군 상북면 덕현리 산 218-1,5.0,종교유적지,['#일출명소'],./kakao_reviews/울산 명소/살티순교성지.csv,https://place.map.kakao.com/1418594189
885,885,선암호수공원 제1주차장,울산 남구 선암동 453,0.0,주차장,태그 없음,./kakao_reviews/울산 공원/선암호수공원 제1주차장.csv,https://place.map.kakao.com/1413859998
886,886,천상공원 주차장,울산 울주군 범서읍 천상길 25,0.0,주차장,태그 없음,./kakao_reviews/울산 공원/천상공원 주차장.csv,https://place.map.kakao.com/1703445063
892,892,울산어린이천문대,울산 울주군 범서읍 지지1길 100,0.0,천문대,태그 없음,./kakao_reviews/울산 명소/울산어린이천문대.csv,https://place.map.kakao.com/747625539
900,900,진다방,울산 남구 봉월로151번길 27 2층,5.0,카페,"['#디저트카페', '#보드게임카페', '#실내놀거리']",./kakao_reviews/울산 보드카페/진다방.csv,https://place.map.kakao.com/970936560
901,901,숨,울산 중구 중앙길 152,4.1,카페,"['#룸카페', '#보드게임카페', '#실내놀거리', '#실내데이트']",./kakao_reviews/울산 보드카페/숨.csv,https://place.map.kakao.com/15741984
903,903,카페다오,울산 동구 해수욕장10길 34,3.0,카페,"['#보드게임카페', '#오션뷰카페']",./kakao_reviews/울산 보드카페/카페다오.csv,https://place.map.kakao.com/26946785
904,904,그녀의커피잔,울산 중구 젊음의거리 77 3층,4.0,카페,"['#데이트코스', '#룸카페', '#보드게임카페', '#실내놀거리', '#제로페이']",./kakao_reviews/울산 보드카페/그녀의커피잔.csv,https://place.map.kakao.com/26421045
905,905,제이드마운틴,울산 남구 달삼로 46 4층 402호,0.0,카페,"['#울산가볼만한곳', '#울산맛집베스트', '#울산브런치', '#울산중구맛집', '#울산카페', '#로스팅전문', '#보드게임카페', '#제로페이']",./kakao_reviews/울산 보드카페/제이드마운틴.csv,https://place.map.kakao.com/1123546460
906,906,진다방,울산 남구 봉월로151번길 27 2층,5.0,카페,"['#감성카페', '#레트로풍', '#보드게임카페', '#실내놀거리', '#이색카페', '#제로페이']",./kakao_reviews/울산 보드카페/진다방.csv,https://place.map.kakao.com/970936560
909,909,셀프바리스타 옥동본점,울산 남구 문수로333번길 10-1 1층,5.0,카페,"['#24시간카페', '#로스팅전문', '#무인카페', '#보드게임카페', '#스터디카페', '#실내놀거리']",./kakao_reviews/울산 보드카페/셀프바리스타 옥동본점.csv,https://place.map.kakao.com/1011053610
910,910,숨,울산 중구 중앙길 152,4.1,카페,"['#보드게임카페', '#핸드드립전문점', '#제로페이']",./kakao_reviews/울산 보드카페/숨.csv,https://place.map.kakao.com/15741984
911,911,세븐스타코인노래연습장 산하동점,울산 북구 산하중앙2로 290 205호,2.0,코인노래방,태그 없음,./kakao_reviews/울산 코인노래방/세븐스타코인노래연습장 산하동점.csv,https://place.map.kakao.com/731249627
912,912,악똥동전노래연습장,울산 울주군 언양읍 헌양길 34,3.0,코인노래방,태그 없음,./kakao_reviews/울산 코인노래방/악똥동전노래연습장.csv,https://place.map.kakao.com/389470368
918,918,코인 스타디움노래연습장,울산 남구 대학로 96 지하1층,0.0,코인노래방,태그 없음,./kakao_reviews/울산 코인노래방/코인 스타디움노래연습장.csv,https://place.map.kakao.com/31301325
922,922,비트동전노래연습장,울산 울주군 온양읍 보곡2길 30-18,0.0,코인노래방,['#제로페이'],./kakao_reviews/울산 코인노래방/비트동전노래연습장.csv,https://place.map.kakao.com/1718138383
923,923,세븐스타코인노래연습장 울산대점,울산 남구 대학로84번길 5-3 지하1층,4.4,코인노래방,['#카카오페이'],./kakao_reviews/울산 코인노래방/세븐스타코인노래연습장 울산대점.csv,https://place.map.kakao.com/2136135155
924,924,또또동전노래,울산 동구 해수욕장길 5,3.0,코인노래방,태그 없음,./kakao_reviews/울산 코인노래방/또또동전노래.csv,https://place.map.kakao.com/1770104214
926,926,비트코인노래연습장,울산 북구 화산중앙로 94-5 3층,5.0,코인노래방,['#카카오페이'],./kakao_reviews/울산 코인노래방/비트코인노래연습장.csv,https://place.map.kakao.com/367183728
929,929,차차동전노래연습장 병영점,울산 중구 번영로 584 2층,5.0,코인노래방,태그 없음,./kakao_reviews/울산 코인노래방/차차동전노래연습장 병영점.csv,https://place.map.kakao.com/1201476360
930,930,노래야노래야 코인노래연습장,울산 남구 중앙로128번길 63 2층,3.0,코인노래방,태그 없음,./kakao_reviews/울산 코인노래방/노래야노래야 코인노래연습장.csv,https://place.map.kakao.com/181694299
933,933,텐코인 노래연습장 울산언양점,울산 울주군 언양읍 헌양길 50 2층,0.0,코인노래방,태그 없음,./kakao_reviews/울산 코인노래방/텐코인 노래연습장 울산언양점.csv,https://place.map.kakao.com/454472557
934,934,또또동전노래연습장 태화점,울산 중구 화진1길 3 2층,3.0,코인노래방,['#제로페이'],./kakao_reviews/울산 코인노래방/또또동전노래연습장 태화점.csv,https://place.map.kakao.com/1411420767
936,936,케이팝동전노래연습장,울산 북구 가재길 24,0.0,코인노래방,태그 없음,./kakao_reviews/울산 코인노래방/케이팝동전노래연습장.csv,https://place.map.kakao.com/1031657042
940,940,탑코인동전노래연습장,울산 북구 매곡1로 4-18 2층,5.0,코인노래방,['#제로페이'],./kakao_reviews/울산 코인노래방/탑코인동전노래연습장.csv,https://place.map.kakao.com/227956164
942,942,세븐스타코인노래연습장,울산 남구 월평로 58 3층,5.0,코인노래방,태그 없음,./kakao_reviews/울산 코인노래방/세븐스타코인노래연습장.csv,https://place.map.kakao.com/127850370
945,945,케이팝 동전노래연습장,울산 남구 삼산중로74번길 22,2.3,코인노래방,태그 없음,./kakao_reviews/울산 코인노래방/케이팝 동전노래연습장.csv,https://place.map.kakao.com/1959962996
948,948,아젤란리조트,울산 울주군 상북면 덕현남천길 7,4.0,"콘도,리조트","['#무료야영장', '#물놀이', '#야영장', '#오토캠핑', '#카라반', '#캠핑장']",./kakao_reviews/울산 숙소/아젤란리조트.csv,https://place.map.kakao.com/19880023
949,949,SM리조트,울산 울주군 상북면 알프스온천1길 123,5.0,"콘도,리조트","['#MT펜션', '#물놀이', '#바베큐장', '#워크샵']",./kakao_reviews/울산 숙소/SM리조트.csv,https://place.map.kakao.com/13144410
950,950,SM리조트,울산 울주군 상북면 알프스온천1길 123,5.0,"콘도,리조트","['#물놀이', '#실외수영장', '#온천호텔', '#제로페이']",./kakao_reviews/울산 숙소/SM리조트.csv,https://place.map.kakao.com/13144410
951,951,아젤란리조트,울산 울주군 상북면 덕현남천길 7,4.0,"콘도,리조트","['#글램핑', '#단풍명소', '#물놀이', '#산책로', '#세미나실', '#실외수영장', '#야외결혼식', '#야외테라스', '#연회장', '#온천호텔', '#워크샵', '#잔디마당', '#조식서비스', '#족구장', '#제로페이']",./kakao_reviews/울산 숙소/아젤란리조트.csv,https://place.map.kakao.com/19880023
957,957,공업탑,울산 남구 신정동 720-4,4.2,"탑,비석",['#나들이'],./kakao_reviews/울산 명소/공업탑.csv,https://place.map.kakao.com/17110902
958,958,울주망해사지승탑,울산 울주군 청량읍 망해2길 102,5.0,"탑,비석",태그 없음,./kakao_reviews/울산 명소/울주망해사지승탑.csv,https://place.map.kakao.com/10339603
965,965,울산디자인거리,울산 남구 삼산동 1527-1,5.0,테마거리,태그 없음,./kakao_reviews/울산 명소/울산디자인거리.csv,https://place.map.kakao.com/12264020
968,968,울산꽃리단길,울산 동구 방어동 1177,2.3,테마거리,태그 없음,./kakao_reviews/울산 명소/울산꽃리단길.csv,https://place.map.kakao.com/2032077983
969,969,학성동가구전문거리,울산 중구 학성동 207-4,0.0,테마거리,태그 없음,./kakao_reviews/울산 명소/학성동가구전문거리.csv,https://place.map.kakao.com/18097012
971,971,바보사거리,울산 남구 대학로94번길 8,4.0,테마거리,태그 없음,./kakao_reviews/울산 명소/바보사거리.csv,https://place.map.kakao.com/19292107
973,973,시계탑거리,울산 중구 옥교동 275-15,4.0,테마거리,태그 없음,./kakao_reviews/울산 명소/시계탑거리.csv,https://place.map.kakao.com/8440943
974,974,이스케이프탑 울산점,울산 남구 삼산중로74번길 10 5층,4.5,테마카페,"['#데이트코스', '#방탈출카페', '#보드게임카페', '#실내놀거리', '#실내데이트', '#이색데이트', '#이색카페', '#친목모임', '#제로페이']",./kakao_reviews/울산 보드카페/이스케이프탑 울산점.csv,https://place.map.kakao.com/284779798
978,978,제트방탈출카페,울산 중구 젊음의거리 56 2층,1.0,테마카페,"['#데이트코스', '#방탈출카페', '#실내놀거리', '#실내데이트']",./kakao_reviews/울산 방탈출/제트방탈출카페.csv,https://place.map.kakao.com/1713311920
979,979,코지누크,울산 중구 학성로 52-1 1층,5.0,테마카페,"['#데이트코스', '#보드게임카페', '#실내놀거리', '#플라워카페', '#제로페이']",./kakao_reviews/울산 보드카페/코지누크.csv,https://place.map.kakao.com/235406043
980,980,트랩코리아 삼산점,울산 남구 삼산중로74번길 6 3층,2.6,테마카페,"['#데이트코스', '#방탈출카페', '#보드게임카페', '#실내놀거리', '#이색카페']",./kakao_reviews/울산 보드카페/트랩코리아 삼산점.csv,https://place.map.kakao.com/27575809
982,982,트랩코리아 삼산점,울산 남구 삼산중로74번길 6 3층,2.6,테마카페,"['#데이트코스', '#방탈출카페', '#보드게임카페', '#실내놀거리', '#이색카페']",./kakao_reviews/울산 방탈출/트랩코리아 삼산점.csv,https://place.map.kakao.com/27575809
983,983,이스케이프탑 울산점,울산 남구 삼산중로74번길 10 5층,4.5,테마카페,"['#데이트코스', '#방탈출카페', '#보드게임카페', '#실내놀거리', '#실내데이트', '#이색데이트', '#이색카페', '#친목모임', '#제로페이']",./kakao_reviews/울산 방탈출/이스케이프탑 울산점.csv,https://place.map.kakao.com/284779798
985,985,울산대공원,울산 남구 대공원로 94,4.3,테마파크,"['#단풍명소', '#아이와놀자', '#튤립', '#핑크뮬리명소']",./kakao_reviews/울산 명소/울산대공원.csv,https://place.map.kakao.com/8030988
988,988,대왕별아이누리,울산 동구 등대로 100,4.5,테마파크,태그 없음,./kakao_reviews/울산 명소/대왕별아이누리.csv,https://place.map.kakao.com/1878241162
990,990,롯데호텔 울산,울산 남구 삼산로 282,4.4,특급호텔,"['#2인실', '#곤돌라체험', '#사우나', '#수영장', '#어메니티제공', '#온돌룸', '#조식서비스', '#호캉스']",./kakao_reviews/울산 숙소/롯데호텔 울산.csv,https://place.map.kakao.com/8352252
991,991,호텔현대바이라한 울산,울산 동구 방어진순환도로 875,3.0,특급호텔,"['#2인실', '#비즈니스호텔', '#사우나', '#실외수영장', '#어메니티제공', '#조식서비스', '#호캉스']",./kakao_reviews/울산 숙소/호텔현대바이라한 울산.csv,https://place.map.kakao.com/8624277
993,993,선뷰펜션,울산 울주군 서생면 대송길 7-42,5.0,펜션,['#제로페이'],./kakao_reviews/울산 숙소/선뷰펜션.csv,https://place.map.kakao.com/21932376
994,994,배내골까꿍펜션,울산 울주군 상북면 배내로 1106,4.0,펜션,태그 없음,./kakao_reviews/울산 숙소/배내골까꿍펜션.csv,https://place.map.kakao.com/13727193
997,997,브랑누아펜션,울산 울주군 서생면 당물길 26-4,0.0,펜션,태그 없음,./kakao_reviews/울산 숙소/브랑누아펜션.csv,https://place.map.kakao.com/838887361
1001,1001,하늘땅별땅펜션,울산 울주군 상북면 배내로 1067,5.0,펜션,"['#가족펜션', '#독채펜션', '#바베큐장', '#오션뷰', '#온돌룸', '#제로페이']",./kakao_reviews/울산 숙소/하늘땅별땅펜션.csv,https://place.map.kakao.com/17521527
1006,1006,진하파도소리펜션,울산 울주군 서생면 진하해변길 72,3.0,펜션,태그 없음,./kakao_reviews/울산 숙소/진하파도소리펜션.csv,https://place.map.kakao.com/108180468
1007,1007,해오름펜션,울산 북구 아름2길 2,0.0,펜션,"['#당구대', '#제로페이']",./kakao_reviews/울산 숙소/해오름펜션.csv,https://place.map.kakao.com/13082783
1009,1009,K2펜션,울산 북구 동해안로 810,1.0,펜션,태그 없음,./kakao_reviews/울산 숙소/K2펜션.csv,https://place.map.kakao.com/26494599
1010,1010,그랜드펜션,울산 북구 정자1길 85,0.0,펜션,['#오션뷰'],./kakao_reviews/울산 숙소/그랜드펜션.csv,https://place.map.kakao.com/26869478
1011,1011,철구소아이온펜션,울산 울주군 상북면 배내로 1203,0.0,펜션,"['#무인모텔', '#제로페이']",./kakao_reviews/울산 숙소/철구소아이온펜션.csv,https://place.map.kakao.com/781170650
1012,1012,락펜션,울산 북구 화암길 45,0.0,펜션,"['#가족펜션', '#오션뷰']",./kakao_reviews/울산 숙소/락펜션.csv,https://place.map.kakao.com/21885256
1013,1013,이치방하우스,울산 울주군 상북면 배내로 1197,5.0,펜션,태그 없음,./kakao_reviews/울산 숙소/이치방하우스.csv,https://place.map.kakao.com/1056684755
1015,1015,꿈을주는펜션,울산 북구 아름1길 17,5.0,펜션,태그 없음,./kakao_reviews/울산 숙소/꿈을주는펜션.csv,https://place.map.kakao.com/27119658
1017,1017,이리제펜션,울산 북구 동해안로 772,0.0,펜션,태그 없음,./kakao_reviews/울산 숙소/이리제펜션.csv,https://place.map.kakao.com/837651197
1020,1020,나사타운,울산 울주군 서생면 해맞이로 1097-15,3.7,펜션,['#제로페이'],./kakao_reviews/울산 숙소/나사타운.csv,https://place.map.kakao.com/25626252
1021,1021,달팽이펜션,울산 울주군 상북면 배내로 1064,0.0,펜션,태그 없음,./kakao_reviews/울산 숙소/달팽이펜션.csv,https://place.map.kakao.com/20620629
1022,1022,이음펜션,울산 북구 동해안로 928,5.0,펜션,"['#2인실', '#대형룸', '#세미나실', '#야외테라스', '#어메니티제공', '#온돌룸', '#조식서비스', '#커플룸']",./kakao_reviews/울산 숙소/이음펜션.csv,https://place.map.kakao.com/280551519
1023,1023,메이드스테이,울산 울주군 상북면 소야정길 33-3,5.0,펜션,태그 없음,./kakao_reviews/울산 숙소/메이드스테이.csv,https://place.map.kakao.com/1012923140
1026,1026,스페스11,울산 울주군 삼동면 출강2길 313-3,0.0,펜션,['#제로페이'],./kakao_reviews/울산 숙소/스페스11.csv,https://place.map.kakao.com/2081799497
1028,1028,에이풀하우스,울산 북구 아름1길 42-5,5.0,펜션,"['#물놀이', '#족구장', '#제로페이']",./kakao_reviews/울산 숙소/에이풀하우스.csv,https://place.map.kakao.com/1385083495
1029,1029,바다의꿈,울산 울주군 서생면 나사해안길 123,5.0,펜션,태그 없음,./kakao_reviews/울산 숙소/바다의꿈.csv,https://place.map.kakao.com/18390934
1031,1031,로하스펜션,울산 울주군 상북면 배내로 1061-1,5.0,펜션,태그 없음,./kakao_reviews/울산 숙소/로하스펜션.csv,https://place.map.kakao.com/12728503
1032,1032,샤인펜션,울산 울주군 상북면 배내로 1101,0.0,펜션,['#물놀이'],./kakao_reviews/울산 숙소/샤인펜션.csv,https://place.map.kakao.com/25895608
1033,1033,인어바다펜션,울산 북구 우가1길 36,5.0,펜션,"['#물놀이', '#제로페이']",./kakao_reviews/울산 숙소/인어바다펜션.csv,https://place.map.kakao.com/26624852
1034,1034,장어구이와펜션,울산 동구 고늘로 80-14,0.0,펜션,"['#등억', '#모텔', '#무인텔', '#신불산', '#호텔', '#무인모텔']",./kakao_reviews/울산 숙소/장어구이와펜션.csv,https://place.map.kakao.com/14515909
1036,1036,라테라스펜션,울산 동구 물목길 8-2,3.0,펜션,['#제로페이'],./kakao_reviews/울산 숙소/라테라스펜션.csv,https://place.map.kakao.com/26829061
1037,1037,알프스119하우스,울산 울주군 상북면 배내로 1070,2.0,펜션,"['#가족펜션', '#계곡펜션', '#단체펜션', '#럭셔리펜션', '#물놀이', '#바베큐장', '#애견동반펜션', '#워크샵', '#커플여행', '#커플펜션']",./kakao_reviews/울산 숙소/알프스119하우스.csv,https://place.map.kakao.com/7987309
1038,1038,간절곶등대펜션,울산 울주군 서생면 솔알길 22-12,0.0,펜션,['#조식서비스'],./kakao_reviews/울산 숙소/간절곶등대펜션.csv,https://place.map.kakao.com/14562243
1039,1039,샌디아온천,울산 울주군 상북면 알프스온천2길 58,4.7,펜션,"['#가족펜션', '#단체룸', '#바다낚시', '#야외테라스', '#오션뷰', '#커플펜션', '#제로페이']",./kakao_reviews/울산 숙소/샌디아온천.csv,https://place.map.kakao.com/10499779
1040,1040,휴펜션,울산 울주군 서생면 해맞이로 895-38,0.0,펜션,"['#가족펜션', '#물놀이', '#바베큐장', '#수영장펜션', '#실외수영장', '#커플펜션', '#픽업서비스', '#제로페이']",./kakao_reviews/울산 숙소/휴펜션.csv,https://place.map.kakao.com/20225417
1042,1042,산머루산장펜션,울산 울주군 상북면 등억알프스로 579,0.0,펜션,"['#조식서비스', '#제로페이']",./kakao_reviews/울산 숙소/산머루산장펜션.csv,https://place.map.kakao.com/8399276
1047,1047,진하비치펜션,울산 울주군 서생면 진하9길 22-14,5.0,펜션,"['#2인실', '#가족탕', '#물놀이', '#온돌룸', '#온천수', '#조식서비스', '#키즈풀빌라']",./kakao_reviews/울산 숙소/진하비치펜션.csv,https://place.map.kakao.com/1783489535
1051,1051,솔내음가득히펜션,울산 북구 성골길 23,5.0,펜션,태그 없음,./kakao_reviews/울산 숙소/솔내음가득히펜션.csv,https://place.map.kakao.com/11970966
1052,1052,펜트하우스,울산 북구 동해안로 853,4.4,펜션,"['#물놀이', '#야외테라스', '#오션뷰']",./kakao_reviews/울산 숙소/펜트하우스.csv,https://place.map.kakao.com/27259859
1054,1054,휴펜션,울산 울주군 상북면 배내로 1066,0.0,펜션,"['#노천탕', '#바베큐장', '#산책로', '#오션뷰', '#커플펜션', '#제로페이']",./kakao_reviews/울산 숙소/휴펜션.csv,https://place.map.kakao.com/17637685
1056,1056,인어펜션,울산 북구 우가1길 12,0.0,펜션,"['#조식서비스', '#호캉스', '#제로페이']",./kakao_reviews/울산 숙소/인어펜션.csv,https://place.map.kakao.com/902037255
1057,1057,나디아펜션,울산 울주군 온산읍 강양길 160,5.0,펜션,태그 없음,./kakao_reviews/울산 숙소/나디아펜션.csv,https://place.map.kakao.com/1278449123
1058,1058,당사의아침펜션,울산 북구 용바위1길 78,0.0,펜션,"['#가족펜션', '#물놀이', '#바베큐장', '#수영장펜션', '#스파펜션', '#실외수영장', '#어메니티제공', '#오션뷰', '#패밀리룸', '#풀빌라']",./kakao_reviews/울산 숙소/당사의아침펜션.csv,https://place.map.kakao.com/1083570276
1059,1059,배내골베네치아,울산 울주군 상북면 배내로 950,4.2,펜션,"['#계곡펜션', '#고기잡이체험', '#단체룸', '#단체펜션', '#물놀이', '#워크샵', '#유아전용풀장', '#족구장', '#제로페이']",./kakao_reviews/울산 숙소/배내골베네치아.csv,https://place.map.kakao.com/27296482
1060,1060,힐링빌리지,울산 울주군 서생면 마근1길 22-49,3.0,펜션,"['#글램핑', '#단체펜션', '#물놀이', '#산책로', '#오토캠핑', '#카라반', '#캠핑장']",./kakao_reviews/울산 숙소/힐링빌리지.csv,https://place.map.kakao.com/23772983
1061,1061,영남알프스,울산 울주군 상북면 배내로 1032,4.0,펜션,"['#MT펜션', '#가족펜션', '#단체펜션', '#물놀이', '#수영장펜션', '#실외수영장', '#야외테라스', '#야유회펜션', '#워크샵', '#족구장', '#제로페이']",./kakao_reviews/울산 숙소/영남알프스.csv,https://place.map.kakao.com/21229773
1062,1062,샌디아온천,울산 울주군 상북면 알프스온천2길 58,4.7,펜션,"['#2인실', '#가족탕', '#당구대', '#대형룸', '#물놀이', '#온천호텔', '#커플룸', '#패밀리룸']",./kakao_reviews/울산 숙소/샌디아온천.csv,https://place.map.kakao.com/10499779
1063,1063,비클래시 울산간절곶점,울산 울주군 서생면 평동2길 6-2,5.0,펜션,"['#가족펜션', '#물놀이', '#어메니티제공', '#오션뷰', '#조식서비스', '#키즈펜션', '#키즈풀빌라']",./kakao_reviews/울산 숙소/비클래시 울산간절곶점.csv,https://place.map.kakao.com/2105038177
1065,1065,굿모닝펜션,울산 울주군 서생면 진하9길 22-5,1.0,펜션,태그 없음,./kakao_reviews/울산 숙소/굿모닝펜션.csv,https://place.map.kakao.com/10226261
1066,1066,꿈꾸는바다펜션,울산 북구 판지1길 76,4.8,펜션,"['#조식서비스', '#호캉스']",./kakao_reviews/울산 숙소/꿈꾸는바다펜션.csv,https://place.map.kakao.com/19322573
1067,1067,선펜션,울산 울주군 서생면 신리길 102,0.0,펜션,태그 없음,./kakao_reviews/울산 숙소/선펜션.csv,https://place.map.kakao.com/628092231
1069,1069,배내골걸리버펜션,울산 울주군 상북면 배내로 1013-27,3.0,펜션,"['#솔로캠핑', '#야영장', '#오토캠핑']",./kakao_reviews/울산 숙소/배내골걸리버펜션.csv,https://place.map.kakao.com/24145047
1070,1070,파라다이스펜션,울산 울주군 상북면 배내로 1187,4.1,펜션,"['#가족캠핑', '#감성캠핑', '#무료야영장', '#산책로', '#솔로캠핑', '#야영장', '#오토캠핑', '#우중캠핑', '#캠핑장', '#힐링']",./kakao_reviews/울산 숙소/파라다이스펜션.csv,https://place.map.kakao.com/1044528073
1071,1071,대운산계곡펜션,울산 울주군 온양읍 절터곡길 140 내광리,5.0,펜션,"['#가족캠핑', '#감성캠핑', '#야영장', '#오션뷰', '#오토캠핑', '#우중캠핑', '#캠핑장']",./kakao_reviews/울산 숙소/대운산계곡펜션.csv,https://place.map.kakao.com/27232805
1072,1072,헤이메르펜션,울산 울주군 서생면 잿골길 72,5.0,펜션,"['#계곡캠핑', '#단체룸', '#물놀이', '#오토캠핑', '#캠핑장']",./kakao_reviews/울산 숙소/헤이메르펜션.csv,https://place.map.kakao.com/1451190765
1073,1073,미므미므,울산 울주군 서생면 진하해변길 66,5.0,펜션,"['#당구대', '#무인모텔', '#어메니티제공', '#조식서비스', '#패밀리룸', '#픽업서비스', '#호캉스']",./kakao_reviews/울산 숙소/미므미므.csv,https://place.map.kakao.com/1723482842
1074,1074,간절곶더펜션,울산 울주군 서생면 대송길 7-74,5.0,펜션,"['#가족펜션', '#오션뷰', '#커플펜션']",./kakao_reviews/울산 숙소/간절곶더펜션.csv,https://place.map.kakao.com/1306633421
1076,1076,햇살좋은펜션,울산 북구 동해안로 798,3.5,펜션,"['#조식서비스', '#제로페이']",./kakao_reviews/울산 숙소/햇살좋은펜션.csv,https://place.map.kakao.com/18904005
1077,1077,메르시펜션,울산 울주군 상북면 삽재로 39,4.6,펜션,"['#조식서비스', '#호캉스']",./kakao_reviews/울산 숙소/메르시펜션.csv,https://place.map.kakao.com/1999182709
1078,1078,비클래시 울산간절곶점,울산 울주군 서생면 평동2길 6-2,5.0,펜션,"['#21년신축펜션', '#계곡접평상', '#잔디마당탁구대', '#커플실복층', '#픽업서비스', '#MT펜션', '#가족펜션', '#계곡접', '#계곡펜션', '#노래방', '#단체펜션', '#독채펜션', '#물놀이', '#바베큐장', '#복층펜션', '#온돌룸', '#잔디마당', '#족구장', '#패밀리룸', '#제로페이']",./kakao_reviews/울산 숙소/비클래시 울산간절곶점.csv,https://place.map.kakao.com/2105038177
1079,1079,영남알프스,울산 울주군 상북면 배내로 1032,4.0,펜션,"['#연회장', '#오션뷰']",./kakao_reviews/울산 숙소/영남알프스.csv,https://place.map.kakao.com/21229773
1081,1081,바다연가펜션,울산 북구 동해안로 825,0.0,펜션,"['#바베큐장', '#조식서비스']",./kakao_reviews/울산 숙소/바다연가펜션.csv,https://place.map.kakao.com/2050267108
1082,1082,우가포황토펜션,울산 북구 우가1길 48,0.0,펜션,"['#조식서비스', '#호캉스']",./kakao_reviews/울산 숙소/우가포황토펜션.csv,https://place.map.kakao.com/19016593
1083,1083,라온펜션,울산 울주군 상북면 삽재2길 22-1,0.0,펜션,태그 없음,./kakao_reviews/울산 숙소/라온펜션.csv,https://place.map.kakao.com/654752195
1084,1084,더케이콘도리조트,울산 울주군 서생면 진하6길 14,5.0,펜션,태그 없음,./kakao_reviews/울산 숙소/더케이콘도리조트.csv,https://place.map.kakao.com/1851638341
1087,1087,이화동풀빌라,울산 울주군 서생면 위양로 211-39,0.0,펜션,"['#가족탕', '#노래방', '#무인모텔', '#물놀이', '#사우나', '#어메니티제공']",./kakao_reviews/울산 숙소/이화동풀빌라.csv,https://place.map.kakao.com/345381333
1088,1088,162th펜션,울산 동구 일산진11길 189,0.0,펜션,태그 없음,./kakao_reviews/울산 숙소/162th펜션.csv,https://place.map.kakao.com/1510168861
1090,1090,동해카라반펜션,울산 울주군 온산읍 강양길 162,0.0,펜션,['#제로페이'],./kakao_reviews/울산 숙소/동해카라반펜션.csv,https://place.map.kakao.com/27535746
1096,1096,바담펜션,울산 울주군 서생면 평동길 29-10,3.7,펜션,태그 없음,./kakao_reviews/울산 숙소/바담펜션.csv,https://place.map.kakao.com/349693063
1097,1097,황토속펜션,울산 울주군 상북면 등억알프스로 391-6,0.0,펜션,"['#가족캠핑', '#무료야영장', '#산책로', '#솔로캠핑', '#야영장', '#오토캠핑', '#차박', '#카라반', '#캠핑장']",./kakao_reviews/울산 숙소/황토속펜션.csv,https://place.map.kakao.com/24995114
1098,1098,춤추는고래펜션,울산 북구 동해안로 787-2,3.7,펜션,"['#2인실', '#가족탕', '#무인호텔', '#애견동반호텔', '#온천호텔']",./kakao_reviews/울산 숙소/춤추는고래펜션.csv,https://place.map.kakao.com/84434640
1099,1099,ST210펜션,울산 북구 동해안로 1338,5.0,펜션,"['#어메니티제공', '#조식서비스']",./kakao_reviews/울산 숙소/ST210펜션.csv,https://place.map.kakao.com/563791539
1100,1100,바다속으로펜션,울산 북구 동해안로 828,0.0,펜션,"['#조식서비스', '#제로페이']",./kakao_reviews/울산 숙소/바다속으로펜션.csv,https://place.map.kakao.com/11475383
1102,1102,포트334,울산 울주군 서생면 송정1길 37-1,0.0,펜션,"['#가족펜션', '#독채펜션', '#물놀이', '#바베큐장', '#수영장펜션', '#실외수영장', '#야외테라스', '#어메니티제공', '#파우더룸']",./kakao_reviews/울산 숙소/포트334.csv,https://place.map.kakao.com/481820990
1103,1103,써니&케빈,울산 울주군 상북면 배내로 1348-15,3.0,펜션,['#제로페이'],./kakao_reviews/울산 숙소/써니&케빈.csv,https://place.map.kakao.com/148105778
1104,1104,배내골가든펜션,울산 울주군 상북면 배내로 1069,0.0,펜션,태그 없음,./kakao_reviews/울산 숙소/배내골가든펜션.csv,https://place.map.kakao.com/10389738
1106,1106,창밖을보라,울산 울주군 상북면 배내로 1366-12,5.0,펜션,"['#울산감성숙소', '#울산료칸', '#울산오션뷰호텔', '#울산키즈호텔', '#울산호텔', '#물놀이', '#오션뷰', '#커플여행']",./kakao_reviews/울산 숙소/창밖을보라.csv,https://place.map.kakao.com/14559793
1107,1107,철구소펜션,울산 울주군 상북면 배내로 1193-3,0.0,펜션,"['#조식서비스', '#파티룸', '#제로페이']",./kakao_reviews/울산 숙소/철구소펜션.csv,https://place.map.kakao.com/12783228
1108,1108,라임하우스펜션,울산 울주군 상북면 배내로 1220,0.0,펜션,"['#당구대', '#조식서비스', '#호캉스']",./kakao_reviews/울산 숙소/라임하우스펜션.csv,https://place.map.kakao.com/17736223
1110,1110,파래소폭포,울산 울주군 상북면 이천리,4.3,폭포,"['#아이와놀자', '#제로페이']",./kakao_reviews/울산 명소/파래소폭포.csv,https://place.map.kakao.com/8116037
1111,1111,파래소폭포,울산 울주군 상북면 이천리,4.3,폭포,"['#나들이', '#단풍명소', '#모노레일', '#억새밭']",./kakao_reviews/울산 명소/파래소폭포.csv,https://place.map.kakao.com/8116037
1112,1112,홍류폭포,울산 울주군 상북면 등억알프스리,5.0,폭포,['#걷기좋은'],./kakao_reviews/울산 명소/홍류폭포.csv,https://place.map.kakao.com/8178230
1121,1121,여천천,울산 남구 신정동,4.0,하천,"['#단풍명소', '#카카오페이', '#제로페이']",./kakao_reviews/울산 명소/여천천.csv,https://place.map.kakao.com/25728228
1129,1129,매곡천,울산 북구 매곡동 795-1,0.0,하천,['#아이와놀자'],./kakao_reviews/울산 명소/매곡천.csv,https://place.map.kakao.com/25413275
1130,1130,공원분식,울산 울주군 온산읍 덕남로 24,4.0,한식,태그 없음,./kakao_reviews/울산 공원/공원분식.csv,https://place.map.kakao.com/563303282
1131,1131,하기해수욕장,울산 동구 주전동,0.0,"해수욕장,해변",태그 없음,./kakao_reviews/울산 명소/하기해수욕장.csv,https://place.map.kakao.com/8127556
1132,1132,일산해수욕장,울산 동구 일산동,4.1,"해수욕장,해변","['#나들이', '#물놀이']",./kakao_reviews/울산 명소/일산해수욕장.csv,https://place.map.kakao.com/10745536
1133,1133,진하해수욕장,울산 울주군 서생면 진하리 307-2,3.7,"해수욕장,해변","['#나들이', '#물놀이']",./kakao_reviews/울산 명소/진하해수욕장.csv,https://place.map.kakao.com/8601041
1134,1134,과개안,울산 동구 등대로 110,4.6,"해수욕장,해변",태그 없음,./kakao_reviews/울산 명소/과개안.csv,https://place.map.kakao.com/1234216407
1135,1135,정자해수욕장,울산 북구 무룡동,5.0,"해수욕장,해변","['#물놀이', '#일출명소']",./kakao_reviews/울산 명소/정자해수욕장.csv,https://place.map.kakao.com/25622489
1136,1136,나사해수욕장,울산 울주군 서생면 나사리,2.4,"해수욕장,해변","['#물놀이', '#일출명소', '#차박']",./kakao_reviews/울산 명소/나사해수욕장.csv,https://place.map.kakao.com/10200748
1137,1137,강동몽돌해변,울산 북구 산하동,4.0,"해수욕장,해변","['#물놀이', '#일출명소']",./kakao_reviews/울산 명소/강동몽돌해변.csv,https://place.map.kakao.com/8156298
1138,1138,주전몽돌해변,울산 동구 주전동,4.0,"해수욕장,해변","['#나들이', '#물놀이']",./kakao_reviews/울산 명소/주전몽돌해변.csv,https://place.map.kakao.com/8069775
1140,1140,울산향교,울산 중구 명륜로 117,0.0,"향교,서당","['#억새밭', '#핑크뮬리명소']",./kakao_reviews/울산 명소/울산향교.csv,https://place.map.kakao.com/8036086
1141,1141,화동못,울산 북구 화봉동,0.0,호수,태그 없음,./kakao_reviews/울산 명소/화동못.csv,https://place.map.kakao.com/8155707
1142,1142,장등못,울산 북구 매곡동,0.0,호수,태그 없음,./kakao_reviews/울산 명소/장등못.csv,https://place.map.kakao.com/8539267
1144,1144,선창골못,울산 북구 천곡동,4.0,호수,태그 없음,./kakao_reviews/울산 명소/선창골못.csv,https://place.map.kakao.com/7946491
1146,1146,신라스테이 울산,울산 남구 삼산로 200 1층 3-20호,3.2,호텔,"['#비즈니스룸', '#비즈니스호텔', '#어메니티제공', '#조식서비스', '#패밀리룸', '#호캉스']",./kakao_reviews/울산 숙소/신라스테이 울산.csv,https://place.map.kakao.com/26897488
1148,1148,호텔그라운드7,울산 북구 진장2길 15 2~9층,4.2,호텔,"['#가족펜션', '#물놀이', '#실외수영장', '#야외테라스', '#어메니티제공', '#조식서비스', '#키즈수영장', '#키즈펜션', '#키즈풀빌라']",./kakao_reviews/울산 숙소/호텔그라운드7.csv,https://place.map.kakao.com/2085413575
1150,1150,온더웨이브호텔,울산 울주군 서생면 간절곶해안길 37,4.6,호텔,"['#MT펜션', '#가족펜션', '#계곡펜션', '#노래방', '#단체펜션', '#독채펜션', '#목조펜션', '#워크샵', '#족구장', '#제로페이']",./kakao_reviews/울산 숙소/온더웨이브호텔.csv,https://place.map.kakao.com/365776212
1151,1151,브라운도트호텔 울산신천점,울산 북구 매산5로 14 1~10층,4.3,호텔,"['#산책로', '#야영장', '#오토캠핑', '#우중캠핑', '#짚라인', '#카라반', '#캠핑장']",./kakao_reviews/울산 숙소/브라운도트호텔 울산신천점.csv,https://place.map.kakao.com/1700429987
1152,1152,판도라호텔,울산 남구 삼산로392번길 8,5.0,호텔,['#조식서비스'],./kakao_reviews/울산 숙소/판도라호텔.csv,https://place.map.kakao.com/1085130394
1153,1153,굿모닝관광호텔,울산 동구 바드래1길 15,0.0,호텔,태그 없음,./kakao_reviews/울산 숙소/굿모닝관광호텔.csv,https://place.map.kakao.com/8224530
1154,1154,H호텔,울산 남구 화합로178번길 7,5.0,호텔,"['#2인실', '#무인모텔', '#사우나', '#조식서비스']",./kakao_reviews/울산 숙소/H호텔.csv,https://place.map.kakao.com/10331403
1155,1155,호텔여우비,울산 남구 산업로647번길 14,3.8,호텔,"['#2인실', '#가족호텔', '#관광호텔', '#럭셔리호텔', '#무료세탁실', '#비즈니스호텔', '#세미나실', '#야외테라스', '#어메니티제공', '#조식서비스', '#주차가능', '#커플여행', '#패밀리룸', '#호캉스', '#힐링']",./kakao_reviews/울산 숙소/호텔여우비.csv,https://place.map.kakao.com/686034730
1156,1156,브라운도트호텔 울산신천점,울산 북구 매산5로 14 1~10층,4.3,호텔,"['#2인실', '#어메니티제공', '#조식서비스', '#호캉스']",./kakao_reviews/울산 숙소/브라운도트호텔 울산신천점.csv,https://place.map.kakao.com/1700429987
1157,1157,머큐어앰배서더 울산,울산 북구 강동산하2로 7,4.0,호텔,"['#관광호텔', '#노천탕', '#물놀이', '#사우나', '#어메니티제공', '#연회장', '#오션뷰', '#조식서비스', '#패밀리룸', '#호캉스']",./kakao_reviews/울산 숙소/머큐어앰배서더 울산.csv,https://place.map.kakao.com/1665189762
1158,1158,호텔다움,울산 중구 번영로 538,5.0,호텔,"['#2인실', '#관광호텔', '#비즈니스호텔', '#어메니티제공', '#연회장', '#온돌룸', '#조식서비스', '#패밀리룸', '#호캉스', '#제로페이']",./kakao_reviews/울산 숙소/호텔다움.csv,https://place.map.kakao.com/917685410
1159,1159,호텔리버사이드 울산,울산 중구 젊음의거리 20 3~20층,4.0,호텔,"['#리버뷰', '#비즈니스호텔', '#세미나실', '#어메니티제공', '#조식서비스', '#패밀리룸', '#호캉스']",./kakao_reviews/울산 숙소/호텔리버사이드 울산.csv,https://place.map.kakao.com/734213002
1160,1160,울산 에쉬튼호텔,"울산 남구 중앙로213번길 8 1,5~14층",4.8,호텔,"['#2인실', '#가족호텔', '#관광호텔', '#럭셔리호텔', '#레지던스호텔', '#루프탑수영장', '#물놀이', '#비즈니스호텔', '#수영장호텔', '#어메니티제공', '#연회장', '#조식서비스', '#주차가능', '#커플여행', '#패밀리룸', '#호캉스', '#힐링']",./kakao_reviews/울산 숙소/울산 에쉬튼호텔.csv,https://place.map.kakao.com/1371392245
1161,1161,울산시티호텔,울산 남구 삼산로 246,2.6,호텔,"['#2인실', '#비즈니스호텔', '#야외테라스', '#어메니티제공', '#조식서비스', '#호캉스']",./kakao_reviews/울산 숙소/울산시티호텔.csv,https://place.map.kakao.com/19339432
1162,1162,브라운도트호텔 장생포점,울산 남구 장생포고래로 211,4.5,호텔,"['#부티크호텔', '#비즈니스호텔', '#야외테라스', '#어메니티제공', '#오션뷰', '#조식서비스', '#파우더룸', '#호캉스']",./kakao_reviews/울산 숙소/브라운도트호텔 장생포점.csv,https://place.map.kakao.com/475558739
1163,1163,토요코인호텔 울산삼산점,울산 남구 삼산로 308 1~20층,3.0,호텔,"['#비즈니스호텔', '#조식서비스', '#호캉스']",./kakao_reviews/울산 숙소/토요코인호텔 울산삼산점.csv,https://place.map.kakao.com/32158375
1164,1164,울산 일산 브이,울산 동구 일산동 978-5,0.0,호텔,태그 없음,./kakao_reviews/울산 숙소/울산 일산 브이.csv,https://place.map.kakao.com/627235452
1165,1165,스타즈호텔 울산점,울산 남구 남중로 65,3.3,호텔,"['#2인실', '#비즈니스호텔', '#세미나실', '#어메니티제공', '#온돌룸', '#조식서비스', '#호캉스']",./kakao_reviews/울산 숙소/스타즈호텔 울산점.csv,https://place.map.kakao.com/994688415
1166,1166,롯데시티호텔 울산,울산 남구 삼산로 204,3.6,호텔,"['#2인실', '#비즈니스호텔', '#어메니티제공', '#조식서비스', '#패밀리룸', '#호캉스']",./kakao_reviews/울산 숙소/롯데시티호텔 울산.csv,https://place.map.kakao.com/26632548
1167,1167,호텔여우비,울산 남구 산업로647번길 14,3.8,호텔,"['#단체펜션', '#산책로', '#야외테라스', '#오션뷰', '#제로페이']",./kakao_reviews/울산 숙소/호텔여우비.csv,https://place.map.kakao.com/686034730
1168,1168,더반호텔 울산점,울산 북구 동해안로 1688,5.0,호텔,['#제로페이'],./kakao_reviews/울산 숙소/더반호텔 울산점.csv,https://place.map.kakao.com/327988857
1173,1173,해파랑길 4코스,,5.0,,태그 없음,./kakao_reviews/울산 명소/해파랑길 4코스.csv,https://place.map.kakao.com/26564183
1174,1174,해파랑길 7코스,,3.0,,태그 없음,./kakao_reviews/울산 명소/해파랑길 7코스.csv,https://place.map.kakao.com/26564186
1175,1175,영남알프스둘레길 1코스,,0.0,,태그 없음,./kakao_reviews/울산 명소/영남알프스둘레길 1코스.csv,https://place.map.kakao.com/26563875
1178,1178,솔마루길 01코스,,0.0,,['#억새밭'],./kakao_reviews/울산 명소/솔마루길 01코스.csv,https://place.map.kakao.com/26564344
1180,1180,해파랑길 9코스,,4.0,,['#단풍명소'],./kakao_reviews/울산 명소/해파랑길 9코스.csv,https://place.map.kakao.com/26564188
1187,1187,솔마루길 04코스,,0.0,,태그 없음,./kakao_reviews/울산 명소/솔마루길 04코스.csv,https://place.map.kakao.com/26564347
1190,1190,강동사랑길 3코스,,0.0,,태그 없음,./kakao_reviews/울산 명소/강동사랑길 3코스.csv,https://place.map.kakao.com/26564337
1192,1192,간절곶소망길 1코스,,0.0,,['#걷기좋은'],./kakao_reviews/울산 명소/간절곶소망길 1코스.csv,https://place.map.kakao.com/26564350
1193,1193,걷고싶은중구둘레길 1코스,,0.0,,태그 없음,./kakao_reviews/울산 명소/걷고싶은중구둘레길 1코스.csv,https://place.map.kakao.com/26564341
